A1: 1	A2: 1
w1: 0.1	w2: 0.1
phi1: 0pi	phi2: 0pi
x1,x2,x,t
1,1,2,0
0.995004,0.995004,1.99001,1
0.980067,0.980067,1.96013,2
0.955336,0.955336,1.91067,3
0.921061,0.921061,1.84212,4
0.877583,0.877583,1.75517,5
0.825336,0.825336,1.65067,6
0.764842,0.764842,1.52968,7
0.696707,0.696707,1.39341,8
0.62161,0.62161,1.24322,9
0.540302,0.540302,1.0806,10
0.453596,0.453596,0.907192,11
0.362358,0.362358,0.724716,12
0.267499,0.267499,0.534998,13
0.169967,0.169967,0.339934,14
0.0707372,0.0707372,0.141474,15
-0.0291995,-0.0291995,-0.058399,16
-0.128844,-0.128844,-0.257689,17
-0.227202,-0.227202,-0.454404,18
-0.32329,-0.32329,-0.646579,19
-0.416147,-0.416147,-0.832294,20
-0.504846,-0.504846,-1.00969,21
-0.588501,-0.588501,-1.177,22
-0.666276,-0.666276,-1.33255,23
-0.737394,-0.737394,-1.47479,24
-0.801144,-0.801144,-1.60229,25
-0.856889,-0.856889,-1.71378,26
-0.904072,-0.904072,-1.80814,27
-0.942222,-0.942222,-1.88444,28
-0.970958,-0.970958,-1.94192,29
-0.989992,-0.989992,-1.97998,30
-0.999135,-0.999135,-1.99827,31
-0.998295,-0.998295,-1.99659,32
-0.98748,-0.98748,-1.97496,33
-0.966798,-0.966798,-1.9336,34
-0.936457,-0.936457,-1.87291,35
-0.896758,-0.896758,-1.79352,36
-0.8481,-0.8481,-1.6962,37
-0.790968,-0.790968,-1.58194,38
-0.725932,-0.725932,-1.45186,39
-0.653644,-0.653644,-1.30729,40
-0.574824,-0.574824,-1.14965,41
-0.490261,-0.490261,-0.980522,42
-0.400799,-0.400799,-0.801598,43
-0.307333,-0.307333,-0.614666,44
-0.210796,-0.210796,-0.421592,45
-0.112153,-0.112153,-0.224305,46
-0.0123887,-0.0123887,-0.0247773,47
0.087499,0.087499,0.174998,48
0.186512,0.186512,0.373025,49
0.283662,0.283662,0.567324,50
0.377978,0.377978,0.755955,51
0.468517,0.468517,0.937033,52
0.554374,0.554374,1.10875,53
0.634693,0.634693,1.26939,54
0.70867,0.70867,1.41734,55
0.775566,0.775566,1.55113,56
0.834713,0.834713,1.66943,57
0.88552,0.88552,1.77104,58
0.927478,0.927478,1.85496,59
0.96017,0.96017,1.92034,60
0.983268,0.983268,1.96654,61
0.996542,0.996542,1.99308,62
0.999859,0.999859,1.99972,63
0.993185,0.993185,1.98637,64
0.976588,0.976588,1.95318,65
0.950233,0.950233,1.90047,66
0.914383,0.914383,1.82877,67
0.869397,0.869397,1.73879,68
0.815725,0.815725,1.63145,69
0.753902,0.753902,1.5078,70
0.684547,0.684547,1.36909,71
0.608351,0.608351,1.2167,72
0.526078,0.526078,1.05216,73
0.438547,0.438547,0.877095,74
0.346635,0.346635,0.693271,75
0.25126,0.25126,0.50252,76
0.153374,0.153374,0.306748,77
0.0539554,0.0539554,0.107911,78
-0.0460021,-0.0460021,-0.0920043,79
-0.1455,-0.1455,-0.291,80
-0.243544,-0.243544,-0.487088,81
-0.339155,-0.339155,-0.67831,82
-0.431377,-0.431377,-0.862754,83
-0.519289,-0.519289,-1.03858,84
-0.602012,-0.602012,-1.20402,85
-0.67872,-0.67872,-1.35744,86
-0.748647,-0.748647,-1.49729,87
-0.811093,-0.811093,-1.62219,88
-0.865435,-0.865435,-1.73087,89
-0.91113,-0.91113,-1.82226,90
-0.947722,-0.947722,-1.89544,91
-0.974844,-0.974844,-1.94969,92
-0.992225,-0.992225,-1.98445,93
-0.999693,-0.999693,-1.99939,94
-0.997172,-0.997172,-1.99434,95
-0.984688,-0.984688,-1.96938,96
-0.962365,-0.962365,-1.92473,97
-0.930426,-0.930426,-1.86085,98
-0.889191,-0.889191,-1.77838,99
-0.839072,-0.839072,-1.67814,100
-0.780568,-0.780568,-1.56114,101
-0.714266,-0.714266,-1.42853,102
-0.640826,-0.640826,-1.28165,103
-0.560984,-0.560984,-1.12197,104
-0.475537,-0.475537,-0.951074,105
-0.385338,-0.385338,-0.770676,106
-0.291289,-0.291289,-0.582579,107
-0.19433,-0.19433,-0.38866,108
-0.0954289,-0.0954289,-0.190858,109
0.0044257,0.0044257,0.0088514,110
0.104236,0.104236,0.208472,111
0.203005,0.203005,0.40601,112
0.299745,0.299745,0.599491,113
0.393491,0.393491,0.786982,114
0.483305,0.483305,0.96661,115
0.56829,0.56829,1.13658,116
0.647596,0.647596,1.29519,117
0.720432,0.720432,1.44086,118
0.78607,0.78607,1.57214,119
0.843854,0.843854,1.68771,120
0.893206,0.893206,1.78641,121
0.933634,0.933634,1.86727,122
0.964733,0.964733,1.92947,123
0.986192,0.986192,1.97238,124
0.997798,0.997798,1.9956,125
0.999435,0.999435,1.99887,126
0.991085,0.991085,1.98217,127
0.972833,0.972833,1.94567,128
0.94486,0.94486,1.88972,129
0.907447,0.907447,1.81489,130
0.860967,0.860967,1.72193,131
0.805884,0.805884,1.61177,132
0.742749,0.742749,1.4855,133
0.672193,0.672193,1.34439,134
0.594921,0.594921,1.18984,135
0.511704,0.511704,1.02341,136
0.423375,0.423375,0.846749,137
0.330815,0.330815,0.66163,138
0.23495,0.23495,0.4699,139
0.136737,0.136737,0.273474,140
0.0371584,0.0371584,0.0743168,141
-0.0627917,-0.0627917,-0.125583,142
-0.162114,-0.162114,-0.324229,143
-0.259817,-0.259817,-0.519635,144
-0.354924,-0.354924,-0.709849,145
-0.446485,-0.446485,-0.89297,146
-0.533584,-0.533584,-1.06717,147
-0.615352,-0.615352,-1.2307,148
-0.690972,-0.690972,-1.38194,149
-0.759688,-0.759688,-1.51938,150
-0.820813,-0.820813,-1.64163,151
-0.873737,-0.873737,-1.74747,152
-0.917931,-0.917931,-1.83586,153
-0.952953,-0.952953,-1.90591,154
-0.978453,-0.978453,-1.95691,155
-0.994178,-0.994178,-1.98836,156
-0.999968,-0.999968,-1.99994,157
-0.995768,-0.995768,-1.99154,158
-0.981618,-0.981618,-1.96324,159
-0.957659,-0.957659,-1.91532,160
-0.924133,-0.924133,-1.84827,161
-0.881372,-0.881372,-1.76274,162
-0.829806,-0.829806,-1.65961,163
-0.769948,-0.769948,-1.5399,164
-0.702397,-0.702397,-1.40479,165
-0.627828,-0.627828,-1.25566,166
-0.546986,-0.546986,-1.09397,167
-0.460679,-0.460679,-0.921357,168
-0.369768,-0.369768,-0.739537,169
-0.275163,-0.275163,-0.550327,170
-0.177809,-0.177809,-0.355618,171
-0.0786782,-0.0786782,-0.157356,172
0.0212388,0.0212388,0.0424776,173
0.120944,0.120944,0.241887,174
0.21944,0.21944,0.43888,175
0.315744,0.315744,0.631488,176
0.408893,0.408893,0.817785,177
0.497956,0.497956,0.995912,178
0.582044,0.582044,1.16409,179
0.660317,0.660317,1.32063,180
0.731991,0.731991,1.46398,181
0.796352,0.796352,1.5927,182
0.852757,0.852757,1.70551,183
0.90064,0.90064,1.80128,184
0.939525,0.939525,1.87905,185
0.969022,0.969022,1.93804,186
0.988837,0.988837,1.97767,187
0.998772,0.998772,1.99754,188
0.998728,0.998728,1.99746,189
0.988705,0.988705,1.97741,190
0.968802,0.968802,1.9376,191
0.93922,0.93922,1.87844,192
0.900254,0.900254,1.80051,193
0.852292,0.852292,1.70458,194
0.795815,0.795815,1.59163,195
0.731386,0.731386,1.46277,196
0.659649,0.659649,1.3193,197
0.581322,0.581322,1.16264,198
0.497186,0.497186,0.994372,199
0.408082,0.408082,0.816164,200
0.314901,0.314901,0.629802,201
0.218573,0.218573,0.437147,202
0.120062,0.120062,0.240124,203
0.0203508,0.0203508,0.0407017,204
-0.0795636,-0.0795636,-0.159127,205
-0.178683,-0.178683,-0.357366,206
-0.276017,-0.276017,-0.552034,207
-0.370593,-0.370593,-0.741187,208
-0.461467,-0.461467,-0.922933,209
-0.547729,-0.547729,-1.09546,210
-0.628519,-0.628519,-1.25704,211
-0.703029,-0.703029,-1.40606,212
-0.770514,-0.770514,-1.54103,213
-0.830301,-0.830301,-1.6606,214
-0.881792,-0.881792,-1.76358,215
-0.924472,-0.924472,-1.84894,216
-0.957915,-0.957915,-1.91583,217
-0.981787,-0.981787,-1.96357,218
-0.995849,-0.995849,-1.9917,219
-0.999961,-0.999961,-1.99992,220
-0.994082,-0.994082,-1.98816,221
-0.97827,-0.97827,-1.95654,222
-0.952683,-0.952683,-1.90537,223
-0.917578,-0.917578,-1.83516,224
-0.873305,-0.873305,-1.74661,225
-0.820305,-0.820305,-1.64061,226
-0.75911,-0.75911,-1.51822,227
-0.69033,-0.69033,-1.38066,228
-0.614652,-0.614652,-1.2293,229
-0.532833,-0.532833,-1.06567,230
-0.44569,-0.44569,-0.89138,231
-0.354094,-0.354094,-0.708188,232
-0.25896,-0.25896,-0.517919,233
-0.161238,-0.161238,-0.322476,234
-0.0619053,-0.0619053,-0.123811,235
0.0380459,0.0380459,0.0760918,236
0.137617,0.137617,0.275234,237
0.235813,0.235813,0.471626,238
0.331653,0.331653,0.663306,239
0.424179,0.424179,0.848358,240
0.512467,0.512467,1.02493,241
0.595634,0.595634,1.19127,242
0.67285,0.67285,1.3457,243
0.743344,0.743344,1.48669,244
0.806409,0.806409,1.61282,245
0.861418,0.861418,1.72284,246
0.90782,0.90782,1.81564,247
0.945151,0.945151,1.8903,248
0.973038,0.973038,1.94608,249
0.991203,0.991203,1.98241,250
0.999464,0.999464,1.99893,251
0.997739,0.997739,1.99548,252
0.986045,0.986045,1.97209,253
0.964498,0.964498,1.929,254
0.933315,0.933315,1.86663,255
0.892806,0.892806,1.78561,256
0.843377,0.843377,1.68675,257
0.785521,0.785521,1.57104,258
0.719816,0.719816,1.43963,259
0.646919,0.646919,1.29384,260
0.567559,0.567559,1.13512,261
0.482527,0.482527,0.965054,262
0.392674,0.392674,0.785348,263
0.298898,0.298898,0.597796,264
0.202135,0.202135,0.40427,265
0.103353,0.103353,0.206705,266
0.00353755,0.00353755,0.0070751,267
-0.0963129,-0.0963129,-0.192626,268
-0.195201,-0.195201,-0.390402,269
-0.292139,-0.292139,-0.584278,270
-0.386158,-0.386158,-0.772315,271
-0.476318,-0.476318,-0.952636,272
-0.561719,-0.561719,-1.12344,273
-0.641508,-0.641508,-1.28302,274
-0.714887,-0.714887,-1.42977,275
-0.781123,-0.781123,-1.56225,276
-0.839554,-0.839554,-1.67911,277
-0.889597,-0.889597,-1.77919,278
-0.930751,-0.930751,-1.8615,279
-0.962606,-0.962606,-1.92521,280
-0.984842,-0.984842,-1.96968,281
-0.997239,-0.997239,-1.99448,282
-0.999671,-0.999671,-1.99934,283
-0.992114,-0.992114,-1.98423,284
-0.974645,-0.974645,-1.94929,285
-0.947438,-0.947438,-1.89488,286
-0.910764,-0.910764,-1.82153,287
-0.86499,-0.86499,-1.72998,288
-0.810573,-0.810573,-1.62115,289
-0.748058,-0.748058,-1.49612,290
-0.678068,-0.678068,-1.35614,291
-0.601302,-0.601302,-1.2026,292
-0.518529,-0.518529,-1.03706,293
-0.430575,-0.430575,-0.861151,294
-0.338319,-0.338319,-0.676638,295
-0.242683,-0.242683,-0.485365,296
-0.144621,-0.144621,-0.289243,297
-0.0451149,-0.0451149,-0.0902298,298
0.0548423,0.0548423,0.109685,299
A1: 1	A2: 1
w1: 0.1	w2: 0.1
phi1: 0pi	phi2: 1pi
x1,x2,x,t
1,-1,0,0
0.995004,-0.995004,0,1
0.980067,-0.980067,0,2
0.955336,-0.955336,0,3
0.921061,-0.921061,0,4
0.877583,-0.877583,0,5
0.825336,-0.825336,0,6
0.764842,-0.764842,0,7
0.696707,-0.696707,0,8
0.62161,-0.62161,0,9
0.540302,-0.540302,0,10
0.453596,-0.453596,0,11
0.362358,-0.362358,0,12
0.267499,-0.267499,0,13
0.169967,-0.169967,0,14
0.0707372,-0.0707372,0,15
-0.0291995,0.0291995,0,16
-0.128844,0.128844,0,17
-0.227202,0.227202,0,18
-0.32329,0.32329,0,19
-0.416147,0.416147,0,20
-0.504846,0.504846,0,21
-0.588501,0.588501,0,22
-0.666276,0.666276,0,23
-0.737394,0.737394,0,24
-0.801144,0.801144,0,25
-0.856889,0.856889,0,26
-0.904072,0.904072,0,27
-0.942222,0.942222,0,28
-0.970958,0.970958,0,29
-0.989992,0.989992,0,30
-0.999135,0.999135,0,31
-0.998295,0.998295,0,32
-0.98748,0.98748,0,33
-0.966798,0.966798,0,34
-0.936457,0.936457,0,35
-0.896758,0.896758,0,36
-0.8481,0.8481,0,37
-0.790968,0.790968,0,38
-0.725932,0.725932,0,39
-0.653644,0.653644,0,40
-0.574824,0.574824,0,41
-0.490261,0.490261,0,42
-0.400799,0.400799,0,43
-0.307333,0.307333,0,44
-0.210796,0.210796,0,45
-0.112153,0.112153,0,46
-0.0123887,0.0123887,0,47
0.087499,-0.087499,0,48
0.186512,-0.186512,0,49
0.283662,-0.283662,0,50
0.377978,-0.377978,0,51
0.468517,-0.468517,0,52
0.554374,-0.554374,0,53
0.634693,-0.634693,0,54
0.70867,-0.70867,0,55
0.775566,-0.775566,0,56
0.834713,-0.834713,0,57
0.88552,-0.88552,0,58
0.927478,-0.927478,0,59
0.96017,-0.96017,0,60
0.983268,-0.983268,0,61
0.996542,-0.996542,0,62
0.999859,-0.999859,0,63
0.993185,-0.993185,0,64
0.976588,-0.976588,0,65
0.950233,-0.950233,0,66
0.914383,-0.914383,0,67
0.869397,-0.869397,0,68
0.815725,-0.815725,0,69
0.753902,-0.753902,0,70
0.684547,-0.684547,0,71
0.608351,-0.608351,0,72
0.526078,-0.526078,0,73
0.438547,-0.438547,0,74
0.346635,-0.346635,0,75
0.25126,-0.25126,0,76
0.153374,-0.153374,0,77
0.0539554,-0.0539554,0,78
-0.0460021,0.0460021,0,79
-0.1455,0.1455,0,80
-0.243544,0.243544,0,81
-0.339155,0.339155,0,82
-0.431377,0.431377,0,83
-0.519289,0.519289,0,84
-0.602012,0.602012,0,85
-0.67872,0.67872,0,86
-0.748647,0.748647,0,87
-0.811093,0.811093,0,88
-0.865435,0.865435,0,89
-0.91113,0.91113,0,90
-0.947722,0.947722,0,91
-0.974844,0.974844,0,92
-0.992225,0.992225,0,93
-0.999693,0.999693,0,94
-0.997172,0.997172,0,95
-0.984688,0.984688,0,96
-0.962365,0.962365,0,97
-0.930426,0.930426,0,98
-0.889191,0.889191,0,99
-0.839072,0.839072,0,100
-0.780568,0.780568,0,101
-0.714266,0.714266,0,102
-0.640826,0.640826,0,103
-0.560984,0.560984,0,104
-0.475537,0.475537,0,105
-0.385338,0.385338,0,106
-0.291289,0.291289,0,107
-0.19433,0.19433,0,108
-0.0954289,0.0954289,0,109
0.0044257,-0.0044257,0,110
0.104236,-0.104236,0,111
0.203005,-0.203005,0,112
0.299745,-0.299745,0,113
0.393491,-0.393491,0,114
0.483305,-0.483305,0,115
0.56829,-0.56829,0,116
0.647596,-0.647596,0,117
0.720432,-0.720432,0,118
0.78607,-0.78607,0,119
0.843854,-0.843854,0,120
0.893206,-0.893206,0,121
0.933634,-0.933634,0,122
0.964733,-0.964733,0,123
0.986192,-0.986192,0,124
0.997798,-0.997798,0,125
0.999435,-0.999435,0,126
0.991085,-0.991085,0,127
0.972833,-0.972833,0,128
0.94486,-0.94486,0,129
0.907447,-0.907447,0,130
0.860967,-0.860967,0,131
0.805884,-0.805884,0,132
0.742749,-0.742749,0,133
0.672193,-0.672193,0,134
0.594921,-0.594921,0,135
0.511704,-0.511704,0,136
0.423375,-0.423375,0,137
0.330815,-0.330815,0,138
0.23495,-0.23495,0,139
0.136737,-0.136737,0,140
0.0371584,-0.0371584,0,141
-0.0627917,0.0627917,0,142
-0.162114,0.162114,0,143
-0.259817,0.259817,0,144
-0.354924,0.354924,0,145
-0.446485,0.446485,0,146
-0.533584,0.533584,0,147
-0.615352,0.615352,0,148
-0.690972,0.690972,0,149
-0.759688,0.759688,0,150
-0.820813,0.820813,0,151
-0.873737,0.873737,0,152
-0.917931,0.917931,0,153
-0.952953,0.952953,0,154
-0.978453,0.978453,0,155
-0.994178,0.994178,0,156
-0.999968,0.999968,0,157
-0.995768,0.995768,0,158
-0.981618,0.981618,0,159
-0.957659,0.957659,0,160
-0.924133,0.924133,0,161
-0.881372,0.881372,0,162
-0.829806,0.829806,0,163
-0.769948,0.769948,0,164
-0.702397,0.702397,0,165
-0.627828,0.627828,0,166
-0.546986,0.546986,0,167
-0.460679,0.460679,0,168
-0.369768,0.369768,0,169
-0.275163,0.275163,0,170
-0.177809,0.177809,0,171
-0.0786782,0.0786782,0,172
0.0212388,-0.0212388,0,173
0.120944,-0.120944,0,174
0.21944,-0.21944,0,175
0.315744,-0.315744,0,176
0.408893,-0.408893,0,177
0.497956,-0.497956,0,178
0.582044,-0.582044,0,179
0.660317,-0.660317,0,180
0.731991,-0.731991,0,181
0.796352,-0.796352,0,182
0.852757,-0.852757,0,183
0.90064,-0.90064,0,184
0.939525,-0.939525,0,185
0.969022,-0.969022,0,186
0.988837,-0.988837,0,187
0.998772,-0.998772,0,188
0.998728,-0.998728,0,189
0.988705,-0.988705,0,190
0.968802,-0.968802,0,191
0.93922,-0.93922,0,192
0.900254,-0.900254,0,193
0.852292,-0.852292,0,194
0.795815,-0.795815,0,195
0.731386,-0.731386,0,196
0.659649,-0.659649,0,197
0.581322,-0.581322,0,198
0.497186,-0.497186,0,199
0.408082,-0.408082,0,200
0.314901,-0.314901,0,201
0.218573,-0.218573,0,202
0.120062,-0.120062,0,203
0.0203508,-0.0203508,0,204
-0.0795636,0.0795636,0,205
-0.178683,0.178683,0,206
-0.276017,0.276017,0,207
-0.370593,0.370593,0,208
-0.461467,0.461467,0,209
-0.547729,0.547729,0,210
-0.628519,0.628519,0,211
-0.703029,0.703029,0,212
-0.770514,0.770514,0,213
-0.830301,0.830301,0,214
-0.881792,0.881792,0,215
-0.924472,0.924472,0,216
-0.957915,0.957915,0,217
-0.981787,0.981787,0,218
-0.995849,0.995849,0,219
-0.999961,0.999961,0,220
-0.994082,0.994082,0,221
-0.97827,0.97827,0,222
-0.952683,0.952683,0,223
-0.917578,0.917578,0,224
-0.873305,0.873305,0,225
-0.820305,0.820305,0,226
-0.75911,0.75911,0,227
-0.69033,0.69033,0,228
-0.614652,0.614652,0,229
-0.532833,0.532833,0,230
-0.44569,0.44569,0,231
-0.354094,0.354094,0,232
-0.25896,0.25896,0,233
-0.161238,0.161238,0,234
-0.0619053,0.0619053,0,235
0.0380459,-0.0380459,0,236
0.137617,-0.137617,0,237
0.235813,-0.235813,0,238
0.331653,-0.331653,0,239
0.424179,-0.424179,0,240
0.512467,-0.512467,0,241
0.595634,-0.595634,0,242
0.67285,-0.67285,0,243
0.743344,-0.743344,0,244
0.806409,-0.806409,0,245
0.861418,-0.861418,0,246
0.90782,-0.90782,0,247
0.945151,-0.945151,0,248
0.973038,-0.973038,0,249
0.991203,-0.991203,0,250
0.999464,-0.999464,0,251
0.997739,-0.997739,0,252
0.986045,-0.986045,0,253
0.964498,-0.964498,0,254
0.933315,-0.933315,0,255
0.892806,-0.892806,0,256
0.843377,-0.843377,0,257
0.785521,-0.785521,0,258
0.719816,-0.719816,0,259
0.646919,-0.646919,0,260
0.567559,-0.567559,0,261
0.482527,-0.482527,0,262
0.392674,-0.392674,0,263
0.298898,-0.298898,0,264
0.202135,-0.202135,0,265
0.103353,-0.103353,0,266
0.00353755,-0.00353755,0,267
-0.0963129,0.0963129,0,268
-0.195201,0.195201,0,269
-0.292139,0.292139,0,270
-0.386158,0.386158,0,271
-0.476318,0.476318,0,272
-0.561719,0.561719,0,273
-0.641508,0.641508,0,274
-0.714887,0.714887,0,275
-0.781123,0.781123,0,276
-0.839554,0.839554,0,277
-0.889597,0.889597,0,278
-0.930751,0.930751,0,279
-0.962606,0.962606,0,280
-0.984842,0.984842,0,281
-0.997239,0.997239,0,282
-0.999671,0.999671,0,283
-0.992114,0.992114,0,284
-0.974645,0.974645,0,285
-0.947438,0.947438,0,286
-0.910764,0.910764,0,287
-0.86499,0.86499,0,288
-0.810573,0.810573,0,289
-0.748058,0.748058,0,290
-0.678068,0.678068,0,291
-0.601302,0.601302,0,292
-0.518529,0.518529,0,293
-0.430575,0.430575,0,294
-0.338319,0.338319,0,295
-0.242683,0.242683,0,296
-0.144621,0.144621,0,297
-0.0451149,0.0451149,0,298
0.0548423,-0.0548423,0,299
A1: 1	A2: 1
w1: 0.1	w2: 0.15
phi1: 0pi	phi2: 0pi
x1,x2,x,t
1,1,2,0
0.995004,0.988771,1.98378,1
0.980067,0.955336,1.9354,2
0.955336,0.900447,1.85578,3
0.921061,0.825336,1.7464,4
0.877583,0.731689,1.60927,5
0.825336,0.62161,1.44695,6
0.764842,0.497571,1.26241,7
0.696707,0.362358,1.05906,8
0.62161,0.219007,0.840617,9
0.540302,0.0707372,0.61104,10
0.453596,-0.0791209,0.374475,11
0.362358,-0.227202,0.135156,12
0.267499,-0.370181,-0.102682,13
0.169967,-0.504846,-0.334879,14
0.0707372,-0.628174,-0.557436,15
-0.0291995,-0.737394,-0.766593,16
-0.128844,-0.830054,-0.958898,17
-0.227202,-0.904072,-1.13127,18
-0.32329,-0.957787,-1.28108,19
-0.416147,-0.989992,-1.40614,20
-0.504846,-0.999965,-1.50481,21
-0.588501,-0.98748,-1.57598,22
-0.666276,-0.952818,-1.61909,23
-0.737394,-0.896758,-1.63415,24
-0.801144,-0.820559,-1.6217,25
-0.856889,-0.725932,-1.58282,26
-0.904072,-0.615002,-1.51907,27
-0.942222,-0.490261,-1.43248,28
-0.970958,-0.354509,-1.32547,29
-0.989992,-0.210796,-1.20079,30
-0.999135,-0.0623485,-1.06148,31
-0.998295,0.087499,-0.910796,32
-0.98748,0.235381,-0.752098,33
-0.966798,0.377978,-0.58882,34
-0.936457,0.512085,-0.424371,35
-0.896758,0.634693,-0.262066,36
-0.8481,0.743046,-0.105054,37
-0.790968,0.834713,0.0437451,38
-0.725932,0.907633,0.181701,39
-0.653644,0.96017,0.306527,40
-0.574824,0.991144,0.41632,41
-0.490261,0.999859,0.509598,42
-0.400799,0.986119,0.585319,43
-0.307333,0.950233,0.6429,44
-0.210796,0.893006,0.682211,45
-0.112153,0.815725,0.703573,46
-0.0123887,0.720124,0.707736,47
0.087499,0.608351,0.69585,48
0.186512,0.482916,0.669428,49
0.283662,0.346635,0.630298,50
0.377978,0.20257,0.580548,51
0.468517,0.0539554,0.522472,52
0.554374,-0.0958709,0.458503,53
0.634693,-0.243544,0.391149,54
0.70867,-0.385748,0.322922,55
0.775566,-0.519289,0.256277,56
0.834713,-0.641167,0.193546,57
0.88552,-0.748647,0.136873,58
0.927478,-0.839313,0.0881654,59
0.96017,-0.91113,0.04904,60
0.983268,-0.962485,0.020783,61
0.996542,-0.992225,0.00431677,62
0.999859,-0.999682,0.000176695,63
0.993185,-0.984688,0.00849706,64
0.976588,-0.94758,0.0290078,65
0.950233,-0.889191,0.0610414,66
0.914383,-0.810833,0.10355,67
0.869397,-0.714266,0.155132,68
0.815725,-0.601657,0.214068,69
0.753902,-0.475537,0.278365,70
0.684547,-0.338737,0.34581,71
0.608351,-0.19433,0.414021,72
0.526078,-0.0455585,0.480519,73
0.438547,0.104236,0.542783,74
0.346635,0.25169,0.598325,75
0.25126,0.393491,0.644751,76
0.153374,0.526455,0.679829,77
0.0539554,0.647596,0.701552,78
-0.0460021,0.754194,0.708192,79
-0.1455,0.843854,0.698354,80
-0.243544,0.914563,0.671019,81
-0.339155,0.964733,0.625578,82
-0.431377,0.993237,0.56186,83
-0.519289,0.999435,0.480146,84
-0.602012,0.983187,0.381176,85
-0.67872,0.94486,0.26614,86
-0.748647,0.885313,0.136666,87
-0.811093,0.805884,-0.00520906,88
-0.865435,0.708356,-0.157079,89
-0.91113,0.594921,-0.31621,90
-0.947722,0.468124,-0.479597,91
-0.974844,0.330815,-0.644029,92
-0.992225,0.186076,-0.806149,93
-0.999693,0.0371584,-0.962535,94
-0.997172,-0.112594,-1.10977,95
-0.984688,-0.259817,-1.24451,96
-0.962365,-0.401206,-1.36357,97
-0.930426,-0.533584,-1.46401,98
-0.889191,-0.65398,-1.54317,99
-0.839072,-0.759688,-1.59876,100
-0.780568,-0.848335,-1.6289,101
-0.714266,-0.917931,-1.6322,102
-0.640826,-0.966912,-1.60774,103
-0.560984,-0.994178,-1.55516,104
-0.475537,-0.999117,-1.47465,105
-0.385338,-0.981618,-1.36696,106
-0.291289,-0.942073,-1.23336,107
-0.19433,-0.881372,-1.0757,108
-0.0954289,-0.800878,-0.896307,109
0.0044257,-0.702397,-0.697971,110
0.104236,-0.588142,-0.483906,111
0.203005,-0.460679,-0.257674,112
0.299745,-0.322869,-0.023124,113
0.393491,-0.177809,0.215682,114
0.483305,-0.0287556,0.454549,115
0.56829,0.120944,0.689233,116
0.647596,0.267927,0.915523,117
0.720432,0.408893,1.12933,118
0.78607,0.540676,1.32675,119
0.843854,0.660317,1.50417,120
0.893206,0.765128,1.65833,121
0.933634,0.852757,1.78639,122
0.964733,0.921234,1.88597,123
0.986192,0.969022,1.95521,124
0.997798,0.995048,1.99285,125
0.999435,0.998728,1.99816,126
0.991085,0.979978,1.97106,127
0.972833,0.93922,1.91205,128
0.94486,0.87737,1.82223,129
0.907447,0.795815,1.70326,130
0.860967,0.696388,1.55735,131
0.805884,0.581322,1.38721,132
0.742749,0.4532,1.19595,133
0.672193,0.314901,0.987094,134
0.594921,0.16953,0.76445,135
0.511704,0.0203508,0.532055,136
0.423375,-0.129285,0.29409,137
0.330815,-0.276017,0.0547978,138
0.23495,-0.416551,-0.181601,139
0.136737,-0.547729,-0.410992,140
0.0371584,-0.666607,-0.629449,141
-0.0627917,-0.770514,-0.833306,142
-0.162114,-0.857118,-1.01923,143
-0.259817,-0.924472,-1.18429,144
-0.354924,-0.971064,-1.32599,145
-0.446485,-0.995849,-1.44233,146
-0.533584,-0.998269,-1.53185,147
-0.615352,-0.97827,-1.59362,148
-0.690972,-0.936301,-1.62727,149
-0.759688,-0.873305,-1.63299,150
-0.820813,-0.790696,-1.61151,151
-0.873737,-0.69033,-1.56407,152
-0.917931,-0.574461,-1.49239,153
-0.952953,-0.44569,-1.39864,154
-0.978453,-0.30691,-1.28536,155
-0.994178,-0.161238,-1.15542,156
-0.999968,-0.0119446,-1.01191,157
-0.995768,0.137617,-0.858151,158
-0.981618,0.284088,-0.69753,159
-0.957659,0.424179,-0.53348,160
-0.924133,0.554744,-0.369389,161
-0.881372,0.67285,-0.208522,162
-0.829806,0.775846,-0.0539597,163
-0.769948,0.861418,0.0914701,164
-0.702397,0.927644,0.225247,165
-0.627828,0.973038,0.34521,166
-0.546986,0.996579,0.449593,167
-0.460679,0.997739,0.53706,168
-0.369768,0.976492,0.606724,169
-0.275163,0.933315,0.658152,170
-0.177809,0.869178,0.691369,171
-0.0786782,0.785521,0.706843,172
0.0212388,0.684223,0.705462,173
0.120944,0.567559,0.688502,174
0.21944,0.438148,0.657588,175
0.315744,0.298898,0.614642,176
0.408893,0.152935,0.561828,177
0.497956,0.00353755,0.501494,178
0.582044,-0.145939,0.436105,179
0.660317,-0.292139,0.368178,180
0.731991,-0.431777,0.300214,181
0.796352,-0.561719,0.234633,182
0.852757,-0.679046,0.17371,183
0.90064,-0.781123,0.119517,184
0.939525,-0.865658,0.0738673,185
0.969022,-0.930751,0.0382708,186
0.988837,-0.974943,0.0138948,187
0.998772,-0.997239,0.00153385,188
0.998728,-0.997139,0.00158928,189
0.988705,-0.974645,0.0140593,190
0.968802,-0.930263,0.038539,191
0.93922,-0.86499,0.0742305,192
0.900254,-0.780291,0.119963,193
0.852292,-0.678068,0.174225,194
0.795815,-0.560617,0.235198,195
0.731386,-0.430575,0.300811,196
0.659649,-0.290864,0.368785,197
0.581322,-0.144621,0.436701,198
0.497186,0.00486977,0.502056,199
0.408082,0.154251,0.562334,200
0.314901,0.300169,0.61507,201
0.218573,0.439345,0.657919,202
0.120062,0.568655,0.688717,203
0.0203508,0.685194,0.705545,204
-0.0795636,0.786345,0.706781,205
-0.178683,0.869836,0.691153,206
-0.276017,0.933793,0.657776,207
-0.370593,0.976778,0.606185,208
-0.461467,0.997828,0.536361,209
-0.547729,0.996468,0.448739,210
-0.628519,0.97273,0.344211,211
-0.703029,0.927146,0.224117,212
-0.770514,0.860741,0.0902263,213
-0.830301,0.775005,-0.0552962,214
-0.881792,0.671864,-0.209927,215
-0.924472,0.553635,-0.370837,216
-0.957915,0.422972,-0.534943,217
-0.981787,0.28281,-0.698976,218
-0.995849,0.136297,-0.859552,219
-0.999961,-0.0132767,-1.01324,220
-0.994082,-0.162553,-1.15663,221
-0.97827,-0.308178,-1.28645,222
-0.952683,-0.446882,-1.39957,223
-0.917578,-0.57555,-1.49313,224
-0.873305,-0.691293,-1.5646,225
-0.820305,-0.791511,-1.61182,226
-0.75911,-0.873953,-1.63306,227
-0.69033,-0.936768,-1.6271,228
-0.614652,-0.978545,-1.5932,229
-0.532833,-0.998346,-1.53118,230
-0.44569,-0.995727,-1.44142,231
-0.354094,-0.970745,-1.32484,232
-0.25896,-0.923963,-1.18292,233
-0.161238,-0.856431,-1.01767,234
-0.0619053,-0.769665,-0.83157,235
0.0380459,-0.665613,-0.627568,236
0.137617,-0.546614,-0.408997,237
0.235813,-0.415339,-0.179526,238
0.331653,-0.274736,0.0569165,239
0.424179,-0.127964,0.296215,240
0.512467,0.0216828,0.53415,241
0.595634,0.170842,0.766477,242
0.67285,0.316165,0.989015,243
0.743344,0.454387,1.19773,244
0.806409,0.582405,1.38881,245
0.861418,0.697344,1.55876,246
0.90782,0.796621,1.70444,247
0.945151,0.878008,1.82316,248
0.973038,0.939677,1.91271,249
0.991203,0.980243,1.97145,250
0.999464,0.998794,1.99826,251
0.997739,0.994915,1.99265,252
0.986045,0.968692,1.95474,253
0.964498,0.920715,1.88521,254
0.933315,0.85206,1.78538,255
0.892806,0.76427,1.65708,256
0.843377,0.659316,1.50269,257
0.785521,0.539555,1.32508,258
0.719816,0.407677,1.12749,259
0.646919,0.266643,0.913562,260
0.567559,0.119621,0.68718,261
0.482527,-0.0300873,0.45244,262
0.392674,-0.17912,0.213554,263
0.298898,-0.32413,-0.025232,264
0.202135,-0.461861,-0.259726,265
0.103353,-0.589219,-0.485866,266
0.00353755,-0.703345,-0.699807,267
-0.0963129,-0.801675,-0.897988,268
-0.195201,-0.882001,-1.0772,269
-0.292139,-0.942519,-1.23466,270
-0.386158,-0.981871,-1.36803,271
-0.476318,-0.999172,-1.47549,272
-0.561719,-0.994033,-1.55575,273
-0.641508,-0.966571,-1.60808,274
-0.714887,-0.917401,-1.63229,275
-0.781123,-0.847629,-1.62875,276
-0.839554,-0.758821,-1.59838,277
-0.889597,-0.652971,-1.54257,278
-0.930751,-0.532457,-1.46321,279
-0.962606,-0.399985,-1.36259,280
-0.984842,-0.258531,-1.24337,281
-0.997239,-0.11127,-1.10851,282
-0.999671,0.0384897,-0.961181,283
-0.992114,0.187385,-0.80473,284
-0.974645,0.332072,-0.642573,285
-0.947438,0.469301,-0.478137,286
-0.910764,0.595991,-0.314773,287
-0.86499,0.709296,-0.155694,288
-0.810573,0.806672,-0.00390117,289
-0.748058,0.885932,0.137874,290
-0.678068,0.945295,0.267228,291
-0.601302,0.98343,0.382127,292
-0.518529,0.999478,0.480949,293
-0.430575,0.993081,0.562506,294
-0.338319,0.964381,0.626062,295
-0.242683,0.914023,0.671341,296
-0.144621,0.843138,0.698517,297
-0.0451149,0.753318,0.708204,298
0.0548423,0.646581,0.701423,299
0.154251,0.525322,0.679573,300
0.252119,0.392266,0.644385,301
0.347468,0.2504,0.597868,302
0.439345,0.102911,0.542256,303
0.526833,-0.0468893,0.479943,304
0.609056,-0.195637,0.413419,305
0.685194,-0.33999,0.345204,306
0.754485,-0.476708,0.277777,307
0.816239,-0.602721,0.213518,308
0.869836,-0.715197,0.154639,309
0.914742,-0.811612,0.10313,310
0.950509,-0.8898,0.060709,311
0.976778,-0.948005,0.0287737,312
0.993288,-0.984919,0.00836881,313
0.999873,-0.999715,0.000158523,314
0.996468,-0.992059,0.00440927,315
0.983106,-0.962123,0.0209831,316
0.959922,-0.91058,0.0493413,317
0.927146,-0.838588,0.088558,318
0.885107,-0.747763,0.137344,319
0.834223,-0.640144,0.194079,320
0.775005,-0.51815,0.256855,321
0.708043,-0.384518,0.323524,322
0.634006,-0.242252,0.391754,323
0.553635,-0.0945447,0.45909,324
0.467732,0.0552857,0.523018,325
0.377155,0.203874,0.58103,326
0.28281,0.347885,0.630695,327
0.18564,0.484082,0.669722,328
0.0866142,0.609408,0.696022,329
-0.0132767,0.721048,0.707771,330
-0.113035,0.816495,0.70346,331
-0.211664,0.893605,0.681941,332
-0.308178,0.950647,0.642469,333
-0.401613,0.986339,0.584726,334
-0.491035,0.99988,0.508845,335
-0.57555,0.990966,0.415416,336
-0.654316,0.959797,0.305482,337
-0.726543,0.907073,0.18053,338
-0.791511,0.833978,0.0424676,339
-0.84857,0.742154,-0.106416,340
-0.897151,0.633663,-0.263488,341
-0.936768,0.510941,-0.425827,342
-0.967025,0.376744,-0.590281,343
-0.987619,0.234086,-0.753533,344
-0.998346,0.0861718,-0.912174,345
-0.999098,-0.0636781,-1.06278,346
-0.989867,-0.212098,-1.20196,347
-0.970745,-0.355754,-1.3265,348
-0.941924,-0.491422,-1.43335,349
-0.903692,-0.616052,-1.51974,350
-0.856431,-0.726848,-1.58328,351
-0.800612,-0.82132,-1.62193,352
-0.736794,-0.897347,-1.63414,353
-0.665613,-0.953222,-1.61884,354
-0.587783,-0.987689,-1.57547,355
-0.504079,-0.999975,-1.50405,356
-0.415339,-0.989804,-1.40514,357
-0.322449,-0.957403,-1.27985,358
-0.226337,-0.903502,-1.12984,359
-0.127964,-0.82931,-0.957274,360
-0.0283117,-0.736493,-0.764805,361
0.0716231,-0.627136,-0.555513,362
0.170842,-0.503696,-0.332853,363
0.268355,-0.368943,-0.100588,364
0.363185,-0.225904,0.137281,365
0.454387,-0.0777928,0.376595,366
0.541049,0.072066,0.613115,367
0.622305,0.220306,0.842612,368
0.697344,0.363599,1.06094,369
0.765414,0.498726,1.26414,370
0.825837,0.622653,1.44849,371
0.878008,0.732596,1.6106,372
0.921406,0.826087,1.74749,373
0.955599,0.901026,1.85662,374
0.980243,0.955729,1.93597,375
0.995092,0.988969,1.98406,376
1,0.999999,2,377
0.994915,0.988571,1.98349,378
0.97989,0.954942,1.93483,379
0.955074,0.899867,1.85494,380
0.920715,0.824583,1.7453,381
0.877156,0.73078,1.60794,382
0.824834,0.620566,1.4454,383
0.76427,0.496415,1.26068,384
0.696069,0.361116,1.05719,385
0.620914,0.217707,0.838621,386
0.539555,0.0694082,0.608963,387
0.452804,-0.0804489,0.372356,388
0.36153,-0.228499,0.133031,389
0.266643,-0.371418,-0.104775,390
0.169092,-0.505996,-0.336904,391
0.0698512,-0.62921,-0.559358,392
-0.0300873,-0.738293,-0.76838,393
-0.129725,-0.830796,-0.960521,394
-0.228067,-0.904641,-1.13271,395
-0.32413,-0.958169,-1.2823,396
-0.416954,-0.99018,-1.40713,397
-0.505613,-0.999953,-1.50557,398
-0.589219,-0.987269,-1.57649,399
-0.666938,-0.952413,-1.61935,400
-0.737993,-0.896168,-1.63416,401
-0.801675,-0.819797,-1.62147,402
-0.857346,-0.725015,-1.58236,403
-0.904451,-0.613951,-1.5184,404
-0.942519,-0.489099,-1.43162,405
-0.97117,-0.353263,-1.32443,406
-0.990117,-0.209493,-1.19961,407
-0.999172,-0.0610188,-1.06019,408
-0.998243,0.088826,-0.909417,409
-0.987339,0.236676,-0.750663,410
-0.966571,0.379211,-0.58736,411
-0.936145,0.513229,-0.422915,412
-0.896365,0.635722,-0.260643,413
-0.847629,0.743937,-0.103692,414
-0.790424,0.835446,0.0450217,415
-0.725321,0.908192,0.182871,416
-0.652971,0.960542,0.30757,417
-0.574097,0.99132,0.417223,418
-0.489487,0.999835,0.510349,419
-0.399985,0.985897,0.585911,420
-0.306488,0.949817,0.643329,421
-0.209928,0.892406,0.682478,422
-0.11127,0.814954,0.703684,423
-0.0115006,0.719199,0.707699,424
0.0883837,0.607293,0.695677,425
0.187385,0.481749,0.669134,426
0.284514,0.345385,0.629899,427
0.3788,0.201265,0.580065,428
0.469301,0.0526251,0.521926,429
0.555113,-0.0971969,0.457916,430
0.635379,-0.244836,0.390543,431
0.709296,-0.386977,0.322319,432
0.776126,-0.520427,0.2557,433
0.835202,-0.642189,0.193012,434
0.885932,-0.749529,0.136403,435
0.92781,-0.840037,0.0877736,436
0.960418,-0.911678,0.0487396,437
0.98343,-0.962846,0.0205837,438
0.996616,-0.99239,0.00422525,439
0.999843,-0.999647,0.000195853,440
0.993081,-0.984455,0.00862628,441
0.976396,-0.947153,0.0292429,442
0.949956,-0.888581,0.0613747,443
0.914023,-0.810053,0.10397,444
0.868958,-0.713333,0.155626,445
0.815211,-0.600593,0.214618,446
0.753318,-0.474365,0.278954,447
0.683899,-0.337483,0.346416,448
0.607646,-0.193023,0.414623,449
0.525322,-0.0442276,0.481094,450
0.437749,0.105561,0.54331,451
0.345802,0.252979,0.598781,452
0.2504,0.394715,0.645115,453
0.152496,0.527587,0.680083,454
0.0530685,0.648611,0.701679,455
-0.0468893,0.755068,0.708179,456
-0.146379,0.844568,0.698189,457
-0.244405,0.915101,0.670695,458
-0.33999,0.965082,0.625092,459
-0.432178,0.99339,0.561212,460
-0.520047,0.999389,0.479341,461
-0.602721,0.982943,0.380222,462
-0.679372,0.944423,0.265051,463
-0.749235,0.884693,0.135458,464
-0.811612,0.805094,-0.00651773,465
-0.86588,0.707415,-0.158464,466
-0.911496,0.593849,-0.317647,467
-0.948005,0.466947,-0.481058,468
-0.975041,0.329557,-0.645484,469
-0.992335,0.184767,-0.807569,470
-0.999715,0.035827,-0.963888,471
-0.997105,-0.113917,-1.11102,472
-0.984533,-0.261104,-1.24564,473
-0.962123,-0.402426,-1.36455,474
-0.9301,-0.534711,-1.46481,475
-0.888784,-0.654987,-1.54377,476
-0.838588,-0.760554,-1.59914,477
-0.780013,-0.84904,-1.62905,478
-0.713644,-0.918459,-1.6321,479
-0.640144,-0.967251,-1.60739,480
-0.560249,-0.99432,-1.55457,481
-0.474755,-0.99906,-1.47382,482
-0.384518,-0.981362,-1.36588,483
-0.29044,-0.941626,-1.23207,484
-0.193459,-0.880742,-1.0742,485
-0.0945447,-0.800079,-0.894624,486
0.00531384,-0.701448,-0.696134,487
0.105119,-0.587064,-0.481945,488
0.203874,-0.459496,-0.255621,489
0.300593,-0.321608,-0.0210156,490
0.394307,-0.176498,0.217809,491
0.484082,-0.0274239,0.456658,492
0.56902,0.122266,0.691286,493
0.648273,0.26921,0.917483,494
0.721048,0.410108,1.13116,495
0.786619,0.541796,1.32842,496
0.84433,0.661317,1.50565,497
0.893605,0.765985,1.65959,498
0.933951,0.853452,1.7874,499
0.964966,0.921751,1.88672,500
0.986339,0.96935,1.95569,501
0.997857,0.99518,1.99304,502
0.999404,0.99866,1.99806,503
0.990966,0.979712,1.97068,504
0.972627,0.938762,1.91139,505
0.944569,0.87673,1.8213,506
0.907073,0.795008,1.70208,507
0.860515,0.695431,1.55595,508
0.805358,0.580237,1.3856,509
0.742154,0.452012,1.19417,510
0.671535,0.313636,0.985171,511
0.594207,0.168216,0.762423,512
0.510941,0.0190189,0.52996,513
0.42257,-0.130606,0.291964,514
0.329977,-0.277297,0.0526793,515
0.234086,-0.417761,-0.183675,516
0.135857,-0.548843,-0.412986,517
0.0362708,-0.6676,-0.631329,518
-0.0636781,-0.771363,-0.835041,519
-0.162991,-0.857803,-1.02079,520
-0.260675,-0.924979,-1.18565,521
-0.355754,-0.971382,-1.32714,522
-0.447279,-0.995969,-1.44325,523
-0.534335,-0.99819,-1.53252,524
-0.616052,-0.977993,-1.59404,525
-0.691614,-0.935832,-1.62745,526
-0.760265,-0.872655,-1.63292,527
-0.82132,-0.78988,-1.6112,528
-0.874169,-0.689365,-1.56353,529
-0.918283,-0.57337,-1.49165,530
-0.953222,-0.444497,-1.39772,531
-0.978636,-0.305642,-1.28428,532
-0.994273,-0.159923,-1.1542,533
-0.999975,-0.0106125,-1.01059,534
-0.995686,0.138936,-0.856749,535
-0.981448,0.285365,-0.696083,536
-0.957403,0.425385,-0.532018,537
-0.923793,0.555852,-0.367941,538
-0.880953,0.673835,-0.207117,539
-0.82931,0.776686,-0.0526239,540
-0.769381,0.862094,0.092713,541
-0.701765,0.928141,0.226376,542
-0.627136,0.973344,0.346208,543
-0.546242,0.996688,0.450446,544
-0.45989,0.997649,0.537758,545
-0.368943,0.976204,0.607261,546
-0.274309,0.932836,0.658527,547
-0.176935,0.868518,0.691583,548
-0.0777928,0.784696,0.706903,549
0.0221268,0.683251,0.705377,550
0.121825,0.566461,0.688286,551
0.220306,0.43695,0.657257,552
0.316586,0.297626,0.614213,553
0.409703,0.151618,0.561321,554
0.498726,0.00220532,0.500932,555
0.582766,-0.147257,0.435509,556
0.660983,-0.293413,0.367571,557
0.732596,-0.432979,0.299618,558
0.796889,-0.562821,0.234068,559
0.85322,-0.680023,0.173197,560
0.901026,-0.781954,0.119072,561
0.939829,-0.866324,0.0735049,562
0.969241,-0.931238,0.0380035,563
0.988969,-0.975238,0.0137313,564
0.998816,-0.997337,0.0014794,565
0.998683,-0.997037,0.0016457,566
0.988571,-0.974346,0.0142248,567
0.968582,-0.929774,0.0388081,568
0.938915,-0.864321,0.0745944,569
0.899867,-0.779457,0.12041,570
0.851827,-0.677088,0.17474,571
0.795277,-0.559513,0.235764,572
0.73078,-0.429373,0.301408,573
0.658982,-0.28959,0.369392,574
0.580599,-0.143303,0.437296,575
0.496415,0.00620199,0.502617,576
0.407271,0.155568,0.562839,577
0.314058,0.30144,0.615497,578
0.217707,0.440542,0.658248,579
0.11918,0.56975,0.68893,580
0.0194629,0.686164,0.705626,581
-0.0804489,0.787167,0.706718,582
-0.179557,0.870492,0.690936,583
-0.276871,0.934268,0.657398,584
-0.371418,0.977063,0.605645,585
-0.462254,0.997915,0.53566,586
-0.548472,0.996355,0.447883,587
-0.62921,0.97242,0.34321,588
-0.70366,0.926646,0.222986,589
-0.77108,0.860062,0.0889815,590
-0.830796,0.774162,-0.0566335,591
-0.88221,0.670877,-0.211333,592
-0.92481,0.552525,-0.372285,593
-0.958169,0.421765,-0.536405,594
-0.981955,0.281532,-0.700423,595
-0.995929,0.134977,-0.860952,596
-0.999953,-0.0146089,-1.01456,597
-0.993985,-0.163867,-1.15785,598
-0.978085,-0.309445,-1.28753,599
-0.952413,-0.448074,-1.40049,600
-0.917225,-0.576639,-1.49386,601
-0.872872,-0.692255,-1.56513,602
-0.819797,-0.792324,-1.61212,603
-0.758532,-0.8746,-1.63313,604
-0.689687,-0.937233,-1.62692,605
-0.613951,-0.978819,-1.59277,606
-0.532081,-0.998422,-1.5305,607
-0.444895,-0.995603,-1.4405,608
-0.353263,-0.970425,-1.32369,609
-0.258102,-0.923453,-1.18155,610
-0.160361,-0.855742,-1.0161,611
-0.0610188,-0.768813,-0.829832,612
0.0389334,-0.664619,-0.625685,613
0.138497,-0.545498,-0.407001,614
0.236676,-0.414127,-0.177451,615
0.332491,-0.273455,0.0590355,616
0.424983,-0.126642,0.298341,617
0.513229,0.0230147,0.536244,618
0.596347,0.172155,0.768502,619
0.673507,0.317429,0.990936,620
0.743937,0.455574,1.19951,621
0.806934,0.583488,1.39042,622
0.861869,0.698298,1.56017,623
0.908192,0.797426,1.70562,624
0.94544,0.878645,1.82409,625
0.973242,0.940132,1.91337,626
0.99132,0.980505,1.97183,627
0.999493,0.998859,1.99835,628
0.997679,0.99478,1.99246,629
0.985897,0.968361,1.95426,630
0.964264,0.920194,1.88446,631
0.932996,0.851362,1.78436,632
0.892406,0.76341,1.65582,633
0.8429,0.658313,1.50121,634
0.784971,0.538433,1.3234,635
0.719199,0.40646,1.12566,636
0.646242,0.265359,0.9116,637
0.566827,0.118298,0.685125,638
0.481749,-0.0314189,0.45033,639
0.391857,-0.18043,0.211427,640
0.29805,-0.32539,-0.0273397,641
0.201265,-0.463042,-0.261777,642
0.102469,-0.590295,-0.487826,643
0.0026494,-0.704291,-0.701642,644
-0.0971969,-0.80247,-0.899667,645
-0.196072,-0.882628,-1.0787,646
-0.292988,-0.942964,-1.23595,647
-0.386977,-0.982123,-1.3691,648
-0.477099,-0.999225,-1.47632,649
-0.562454,-0.993887,-1.55634,650
-0.642189,-0.966228,-1.60842,651
-0.715508,-0.91687,-1.63238,652
-0.781677,-0.846921,-1.6286,653
-0.840037,-0.757953,-1.59799,654
-0.890002,-0.651962,-1.54196,655
-0.931076,-0.531329,-1.4624,656
-0.962846,-0.398764,-1.36161,657
-0.984996,-0.257243,-1.24224,658
-0.997304,-0.109946,-1.10725,659
-0.999647,0.0398209,-0.959827,660
-0.992003,0.188693,-0.803309,661
-0.974446,0.333328,-0.641118,662
-0.947153,0.470477,-0.476676,663
-0.910397,0.59706,-0.313337,664
-0.864544,0.710235,-0.154309,665
-0.810053,0.807459,-0.00259408,666
-0.747468,0.886549,0.139081,667
-0.677414,0.945729,0.268315,668
-0.600593,0.98367,0.383078,669
-0.51777,0.999521,0.481751,670
-0.429774,0.992924,0.56315,671
-0.337483,0.964028,0.626545,672
-0.241821,0.913482,0.671661,673
-0.143742,0.842421,0.698679,674
-0.0442276,0.752442,0.708214,675
0.0557291,0.645564,0.701293,676
0.155129,0.524188,0.679317,677
0.252979,0.39104,0.644019,678
0.348301,0.24911,0.597411,679
0.440143,0.101586,0.541729,680
0.527587,-0.0482201,0.479367,681
0.60976,-0.196943,0.412817,682
0.68584,-0.341243,0.344598,683
0.755068,-0.477879,0.277189,684
0.816751,-0.603783,0.212968,685
0.870274,-0.716128,0.154146,686
0.915101,-0.81239,0.102711,687
0.950784,-0.890407,0.0603774,688
0.976968,-0.948428,0.0285404,689
0.99339,-0.985149,0.00824153,690
0.999887,-0.999746,0.000141337,691
0.996393,-0.99189,0.00450273,692
0.982943,-0.961759,0.0211842,693
0.959672,-0.910029,0.0496435,694
0.926813,-0.837862,0.0889513,695
0.884693,-0.746878,0.137815,696
0.833733,-0.63912,0.194613,697
0.774443,-0.51701,0.257434,698
0.707415,-0.383288,0.324127,699
0.633319,-0.240959,0.39236,700
0.552895,-0.0932184,0.459677,701
0.466947,0.0566158,0.523562,702
0.376333,0.205179,0.581511,703
0.281958,0.349133,0.631092,704
0.184767,0.485247,0.670014,705
0.0857293,0.610464,0.696193,706
-0.0141648,0.721971,0.707806,707
-0.113917,0.817263,0.703346,708
-0.212532,0.894202,0.68167,709
-0.309023,0.951059,0.642037,710
-0.402426,0.986558,0.584132,711
-0.491808,0.9999,0.508092,712
-0.576277,0.990787,0.41451,713
-0.654987,0.959422,0.304435,714
-0.727153,0.906512,0.179359,715
-0.792053,0.833243,0.0411892,716
-0.84904,0.741261,-0.107779,717
-0.897543,0.632632,-0.264911,718
-0.937078,0.509795,-0.427283,719
-0.967251,0.37551,-0.591741,720
-0.987758,0.232791,-0.754967,721
-0.998397,0.0848444,-0.913552,722
-0.99906,-0.0650076,-1.06407,723
-0.98974,-0.2134,-1.20314,724
-0.970532,-0.356999,-1.32753,725
-0.941626,-0.492581,-1.43421,726
-0.903312,-0.617101,-1.52041,727
-0.855972,-0.727762,-1.58373,728
-0.800079,-0.822079,-1.62216,729
-0.736193,-0.897934,-1.63413,730
-0.66495,-0.953624,-1.61857,731
-0.587064,-0.987897,-1.57496,732
-0.503312,-0.999984,-1.5033,733
-0.414531,-0.989613,-1.40414,734
-0.321608,-0.957018,-1.27863,735
-0.225472,-0.90293,-1.1284,736
-0.127083,-0.828565,-0.955647,737
-0.0274239,-0.735591,-0.763015,738
0.072509,-0.626098,-0.553589,739
0.171717,-0.502544,-0.330827,740
0.26921,-0.367704,-0.0984943,741
0.364013,-0.224607,0.139406,742
0.455178,-0.0764645,0.378714,743
0.541796,0.0733947,0.615191,744
0.623,0.221606,0.844606,745
0.69798,0.36484,1.06282,746
0.765985,0.499881,1.26587,747
0.826337,0.623695,1.45003,748
0.878433,0.733502,1.61194,749
0.921751,0.826837,1.74859,750
0.95586,0.901603,1.85746,751
0.980418,0.956121,1.93654,752
0.99518,0.989166,1.98435,753
0.999998,0.999996,1.99999,754
0.994825,0.988369,1.98319,755
0.979712,0.954546,1.93426,756
0.95481,0.899285,1.8541,757
0.920368,0.823828,1.7442,758
0.87673,0.72987,1.6066,759
0.824331,0.619521,1.44385,760
0.763697,0.495258,1.25895,761
0.695431,0.359873,1.0553,762
0.620218,0.216406,0.836624,763
0.538807,0.0680792,0.606886,764
0.452012,-0.0817767,0.370236,765
0.360702,-0.229796,0.130906,766
0.265787,-0.372655,-0.106868,767
0.168216,-0.507144,-0.338928,768
0.0689652,-0.630245,-0.561279,769
-0.030975,-0.739191,-0.770166,770
-0.130606,-0.831537,-0.962142,771
-0.228932,-0.905208,-1.13414,772
-0.32497,-0.95855,-1.28352,773
-0.417761,-0.990365,-1.40813,774
-0.506379,-0.999939,-1.50632,775
-0.589936,-0.987056,-1.57699,776
-0.6676,-0.952006,-1.61961,777
-0.738592,-0.895576,-1.63417,778
-0.802205,-0.819034,-1.62124,779
-0.857803,-0.724097,-1.5819,780
-0.90483,-0.612899,-1.51773,781
-0.942816,-0.487937,-1.43075,782
-0.971382,-0.352016,-1.3234,783
-0.990242,-0.20819,-1.19843,784
-0.999207,-0.059689,-1.0589,785
-0.99819,0.0901529,-0.908037,786
-0.987198,0.23797,-0.749228,787
-0.966343,0.380443,-0.5859,788
-0.935832,0.514372,-0.42146,789
-0.895971,0.63675,-0.259221,790
-0.847158,0.744827,-0.102331,791
-0.78988,0.836177,0.0462975,792
-0.724709,0.908749,0.184039,793
-0.652298,0.960911,0.308613,794
-0.57337,0.991494,0.418125,795
-0.488712,0.99981,0.511098,796
-0.399171,0.985673,0.586502,797
-0.305642,0.949399,0.643757,798
-0.209059,0.891804,0.682745,799
-0.110387,0.814181,0.703794,800
-0.0106125,0.718273,0.707661,801
0.0892683,0.606234,0.695503,802
0.188257,0.480581,0.668838,803
0.285365,0.344135,0.6295,804
0.379622,0.19996,0.579582,805
0.470085,0.0512946,0.52138,806
0.555852,-0.0985227,0.457329,807
0.636065,-0.246128,0.389937,808
0.709922,-0.388205,0.321717,809
0.776686,-0.521564,0.255122,810
0.83569,-0.64321,0.19248,811
0.886343,-0.75041,0.135933,812
0.928141,-0.840759,0.0873825,813
0.960665,-0.912225,0.04844,814
0.98359,-0.963205,0.0203855,815
0.996688,-0.992553,0.00413471,816
0.999827,-0.999611,0.000215996,817
0.992976,-0.98422,0.00875645,818
0.976204,-0.946725,0.0294789,819
0.949678,-0.887969,0.0617088,820
0.913663,-0.809271,0.104392,821
0.868518,-0.712398,0.15612,822
0.814696,-0.599527,0.215169,823
0.752734,-0.473191,0.279543,824
0.683251,-0.336229,0.347022,825
0.606941,-0.191716,0.415225,826
0.524566,-0.0428967,0.481669,827
0.43695,0.106886,0.543836,828
0.344969,0.254267,0.599236,829
0.24954,0.395939,0.645479,830
0.151618,0.528719,0.680337,831
0.0521816,0.649624,0.701806,832
-0.0477765,0.755941,0.708164,833
-0.147257,0.845281,0.698023,834
-0.245267,0.915637,0.670371,835
-0.340825,0.965431,0.624605,836
-0.432979,0.993542,0.560564,837
-0.520806,0.999341,0.478536,838
-0.603429,0.982697,0.379268,839
-0.680023,0.943984,0.263961,840
-0.749823,0.884071,0.134248,841
-0.812131,0.804304,-0.00782719,842
-0.866324,0.706473,-0.159851,843
-0.911861,0.592777,-0.319084,844
-0.948287,0.465768,-0.482519,845
-0.975238,0.328299,-0.646939,846
-0.992445,0.183457,-0.808987,847
-0.999735,0.0344956,-0.96524,848
-0.997037,-0.115241,-1.11228,849
-0.984377,-0.262389,-1.24677,850
-0.961881,-0.403645,-1.36553,851
-0.929774,-0.535836,-1.46561,852
-0.888377,-0.655993,-1.54437,853
-0.838104,-0.761418,-1.59952,854
-0.779457,-0.849743,-1.6292,855
-0.713021,-0.918985,-1.63201,856
-0.639462,-0.967588,-1.60705,857
-0.559513,-0.994461,-1.55397,858
-0.473974,-0.999001,-1.47297,859
-0.383698,-0.981106,-1.3648,860
-0.28959,-0.941176,-1.23077,861
-0.192587,-0.880111,-1.0727,862
-0.0936605,-0.799279,-0.89294,863
0.00620199,-0.700498,-0.694296,864
0.106002,-0.585985,-0.479983,865
0.204744,-0.458312,-0.253568,866
0.30144,-0.320346,-0.0189069,867
0.395123,-0.175186,0.219937,868
0.484859,-0.0260922,0.458767,869
0.56975,0.123588,0.693338,870
0.648949,0.270493,0.919442,871
0.721663,0.411323,1.13299,872
0.787167,0.542915,1.33008,873
0.844806,0.662315,1.50712,874
0.894003,0.766841,1.66084,875
0.934268,0.854145,1.78841,876
0.965199,0.922267,1.88747,877
0.986485,0.969677,1.95616,878
0.997915,0.99531,1.99322,879
0.999373,0.99859,1.99796,880
0.990847,0.979444,1.97029,881
0.97242,0.938302,1.91072,882
0.944277,0.876088,1.82036,883
0.906699,0.794199,1.7009,884
0.860062,0.694473,1.55454,885
0.804831,0.579152,1.38398,886
0.741559,0.450824,1.19238,887
0.670877,0.312371,0.983248,888
0.593492,0.166903,0.760395,889
0.510177,0.0176869,0.527864,890
0.421765,-0.131927,0.289838,891
0.329138,-0.278577,0.050561,892
0.233223,-0.418971,-0.185749,893
0.134977,-0.549957,-0.414979,894
0.0353832,-0.668591,-0.633208,895
-0.0645644,-0.77221,-0.836774,896
-0.163867,-0.858487,-1.02235,897
-0.261532,-0.925484,-1.18702,898
-0.356584,-0.971697,-1.32828,899
-0.448074,-0.996088,-1.44416,900
-0.535086,-0.998108,-1.53319,901
-0.616752,-0.977714,-1.59447,902
-0.692255,-0.935362,-1.62762,903
-0.760842,-0.872003,-1.63285,904
-0.821826,-0.789062,-1.61089,905
-0.8746,-0.6884,-1.563,906
-0.918634,-0.572278,-1.49091,907
-0.95349,-0.443303,-1.39679,908
-0.978819,-0.304373,-1.28319,909
-0.994367,-0.158608,-1.15298,910
-0.999981,-0.0092803,-1.00926,911
-0.995603,0.140256,-0.855347,912
-0.981277,0.286642,-0.694635,913
-0.957147,0.42659,-0.530556,914
-0.923453,0.556959,-0.366494,915
-0.880532,0.674819,-0.205713,916
-0.828813,0.777524,-0.0512888,917
-0.768813,0.862768,0.093955,918
-0.701132,0.928636,0.227505,919
-0.626444,0.973649,0.347204,920
-0.545498,0.996796,0.451297,921
-0.459101,0.997556,0.538455,922
-0.368117,0.975914,0.607797,923
-0.273455,0.932355,0.6589,924
-0.176061,0.867857,0.691797,925
-0.0769073,0.783869,0.706962,926
0.0230147,0.682277,0.705292,927
0.122707,0.565363,0.68807,928
0.221173,0.435752,0.656924,929
0.317429,0.296354,0.613783,930
0.410513,0.150301,0.560814,931
0.499496,0.000873085,0.500369,932
0.583488,-0.148575,0.434913,933
0.66165,-0.294686,0.366964,934
0.733201,-0.434179,0.299021,935
0.797426,-0.563922,0.233504,936
0.853683,-0.681,0.172683,937
0.901411,-0.782784,0.118627,938
0.940132,-0.866988,0.0731433,939
0.969459,-0.931722,0.037737,940
0.9891,-0.975532,0.0135687,941
0.998859,-0.997433,0.00142592,942
0.998637,-0.996934,0.0017031,943
0.988437,-0.974046,0.0143912,944
0.968361,-0.929283,0.0390781,945
0.938609,-0.86365,0.0749592,946
0.899479,-0.778621,0.120858,947
0.851362,-0.676107,0.175255,948
0.794738,-0.558408,0.23633,949
0.730174,-0.428169,0.302005,950
0.658313,-0.288314,0.369999,951
0.579876,-0.141984,0.437891,952
0.495644,0.00753419,0.503178,953
0.40646,0.156883,0.563343,954
0.313214,0.30271,0.615924,955
0.21684,0.441737,0.658577,956
0.118298,0.570845,0.689143,957
0.0185749,0.687132,0.705707,958
-0.0813341,0.787988,0.706654,959
-0.18043,0.871147,0.690717,960
-0.277724,0.934743,0.657019,961
-0.372243,0.977346,0.605103,962
-0.463042,0.998,0.534958,963
-0.549215,0.996241,0.447026,964
-0.6299,0.972108,0.342209,965
-0.704291,0.926144,0.221853,966
-0.771645,0.859381,0.0877358,967
-0.83129,0.773318,-0.0579714,968
-0.882628,0.669888,-0.21274,969
-0.925148,0.551414,-0.373733,970
-0.958423,0.420556,-0.537867,971
-0.982123,0.280254,-0.701869,972
-0.996009,0.133657,-0.862352,973
-0.999944,-0.0159409,-1.01588,974
-0.993887,-0.165181,-1.15907,975
-0.9779,-0.310712,-1.28861,976
-0.952142,-0.449264,-1.40141,977
-0.91687,-0.577727,-1.4946,978
-0.872438,-0.693216,-1.56565,979
-0.819288,-0.793136,-1.61242,980
-0.757953,-0.875245,-1.6332,981
-0.689044,-0.937697,-1.62674,982
-0.61325,-0.979091,-1.59234,983
-0.531329,-0.998496,-1.52982,984
-0.444099,-0.995477,-1.43958,985
-0.352432,-0.970102,-1.32253,986
-0.257243,-0.922941,-1.18018,987
-0.159485,-0.855052,-1.01454,988
-0.0601323,-0.767961,-0.828093,989
0.0398209,-0.663623,-0.623802,990
0.139376,-0.544381,-0.405005,991
0.237539,-0.412914,-0.175375,992
0.333328,-0.272173,0.0611547,993
0.425787,-0.125321,0.300466,994
0.513991,0.0243465,0.538338,995
0.59706,0.173467,0.770527,996
0.674163,0.318692,0.992855,997
0.744531,0.456759,1.20129,998
0.807459,0.584569,1.39203,999
A1: 1	A2: 100
w1: 0.1	w2: 0.2
phi1: 0pi	phi2: 0pi
x1,x2,x,t
1,100,101,0
0.995004,98.0067,99.0017,1
0.980067,92.1061,93.0862,2
0.955336,82.5336,83.4889,3
0.921061,69.6707,70.5917,4
0.877583,54.0302,54.9078,5
0.825336,36.2358,37.0611,6
0.764842,16.9967,17.7616,7
0.696707,-2.91995,-2.22325,8
0.62161,-22.7202,-22.0986,9
0.540302,-41.6147,-41.0744,10
0.453596,-58.8501,-58.3965,11
0.362358,-73.7394,-73.377,12
0.267499,-85.6889,-85.4214,13
0.169967,-94.2222,-94.0523,14
0.0707372,-98.9992,-98.9285,15
-0.0291995,-99.8295,-99.8587,16
-0.128844,-96.6798,-96.8087,17
-0.227202,-89.6758,-89.903,18
-0.32329,-79.0968,-79.4201,19
-0.416147,-65.3644,-65.7805,20
-0.504846,-49.0261,-49.5309,21
-0.588501,-30.7333,-31.3218,22
-0.666276,-11.2153,-11.8815,23
-0.737394,8.7499,8.0125,24
-0.801144,28.3662,27.5651,25
-0.856889,46.8517,45.9948,26
-0.904072,63.4693,62.5652,27
-0.942222,77.5566,76.6144,28
-0.970958,88.552,87.581,29
-0.989992,96.017,95.027,30
-0.999135,99.6542,98.6551,31
-0.998295,99.3185,98.3202,32
-0.98748,95.0233,94.0358,33
-0.966798,86.9397,85.973,34
-0.936457,75.3902,74.4538,35
-0.896758,60.8351,59.9384,36
-0.8481,43.8547,43.0066,37
-0.790968,25.126,24.335,38
-0.725932,5.39554,4.66961,39
-0.653644,-14.55,-15.2036,40
-0.574824,-33.9155,-34.4903,41
-0.490261,-51.9289,-52.4191,42
-0.400799,-67.872,-68.2728,43
-0.307333,-81.1093,-81.4166,44
-0.210796,-91.113,-91.3238,45
-0.112153,-97.4844,-97.5965,46
-0.0123887,-99.9693,-99.9817,47
0.087499,-98.4688,-98.3813,48
0.186512,-93.0426,-92.8561,49
0.283662,-83.9072,-83.6235,50
0.377978,-71.4266,-71.0486,51
0.468517,-56.0984,-55.6299,52
0.554374,-38.5338,-37.9794,53
0.634693,-19.433,-18.7983,54
0.70867,0.44257,1.15124,55
0.775566,20.3005,21.0761,56
0.834713,39.3491,40.1838,57
0.88552,56.829,57.7145,58
0.927478,72.0432,72.9707,59
0.96017,84.3854,85.3456,60
0.983268,93.3634,94.3466,61
0.996542,98.6192,99.6158,62
0.999859,99.9435,100.943,63
0.993185,97.2833,98.2764,64
0.976588,90.7447,91.7213,65
0.950233,80.5884,81.5386,66
0.914383,67.2193,68.1337,67
0.869397,51.1704,52.0398,68
0.815725,33.0815,33.8972,69
0.753902,13.6737,14.4276,70
0.684547,-6.27917,-5.59463,71
0.608351,-25.9817,-25.3734,72
0.526078,-44.6485,-44.1224,73
0.438547,-61.5352,-61.0967,74
0.346635,-75.9688,-75.6222,75
0.25126,-87.3737,-87.1224,76
0.153374,-95.2953,-95.1419,77
0.0539554,-99.4178,-99.3638,78
-0.0460021,-99.5768,-99.6228,79
-0.1455,-95.7659,-95.9114,80
-0.243544,-88.1372,-88.3808,81
-0.339155,-76.9948,-77.334,82
-0.431377,-62.7828,-63.2142,83
-0.519289,-46.0679,-46.5871,84
-0.602012,-27.5163,-28.1183,85
-0.67872,-7.86782,-8.54654,86
-0.748647,12.0944,11.3457,87
-0.811093,31.5744,30.7633,88
-0.865435,49.7956,48.9302,89
-0.91113,66.0317,65.1205,90
-0.947722,79.6352,78.6875,91
-0.974844,90.064,89.0892,92
-0.992225,96.9022,95.91,93
-0.999693,99.8772,98.8775,94
-0.997172,98.8705,97.8733,95
-0.984688,93.922,92.9373,96
-0.962365,85.2292,84.2669,97
-0.930426,73.1386,72.2082,98
-0.889191,58.1322,57.243,99
-0.839072,40.8082,39.9691,100
-0.780568,21.8573,21.0768,101
-0.714266,2.03508,1.32082,102
-0.640826,-17.8683,-18.5091,103
-0.560984,-37.0593,-37.6203,104
-0.475537,-54.7729,-55.2485,105
-0.385338,-70.3029,-70.6882,106
-0.291289,-83.0301,-83.3214,107
-0.19433,-92.4472,-92.6415,108
-0.0954289,-98.1787,-98.2741,109
0.0044257,-99.9961,-99.9917,110
0.104236,-97.827,-97.7227,111
0.203005,-91.7578,-91.5548,112
0.299745,-82.0305,-81.7308,113
0.393491,-69.033,-68.6395,114
0.483305,-53.2833,-52.8,115
0.56829,-35.4094,-34.8411,116
0.647596,-16.1238,-15.4762,117
0.720432,3.80459,4.52502,118
0.78607,23.5813,24.3674,119
0.843854,42.4179,43.2618,120
0.893206,59.5634,60.4566,121
0.933634,74.3344,75.268,122
0.964733,86.1418,87.1065,123
0.986192,94.5151,95.5012,124
0.997798,99.1203,100.118,125
0.999435,99.7739,100.773,126
0.991085,96.4498,97.4409,127
0.972833,89.2806,90.2535,128
0.94486,78.5521,79.497,129
0.907447,64.6919,65.5994,130
0.860967,48.2527,49.1137,131
0.805884,29.8898,30.6957,132
0.742749,10.3353,11.078,133
0.672193,-9.63129,-8.9591,134
0.594921,-29.2139,-28.619,135
0.511704,-47.6318,-47.1201,136
0.423375,-64.1508,-63.7274,137
0.330815,-78.1123,-77.7815,138
0.23495,-88.9597,-88.7248,139
0.136737,-96.2606,-96.1238,140
0.0371584,-99.7239,-99.6867,141
-0.0627917,-99.2114,-99.2742,142
-0.162114,-94.7438,-94.9059,143
-0.259817,-86.499,-86.7588,144
-0.354924,-74.8058,-75.1607,145
-0.446485,-60.1302,-60.5767,146
-0.533584,-43.0575,-43.5911,147
-0.615352,-24.2683,-24.8836,148
-0.690972,-4.51149,-5.20246,149
-0.759688,15.4251,14.6655,150
-0.820813,34.7468,33.926,151
-0.873737,52.6833,51.8095,152
-0.917931,68.5194,67.6015,153
-0.952953,81.6239,80.6709,154
-0.978453,91.4742,90.4958,155
-0.994178,97.6778,96.6837,156
-0.999968,99.9873,98.9873,157
-0.995768,98.3106,97.3149,158
-0.981618,92.7146,91.733,159
-0.957659,83.4223,82.4647,160
-0.924133,70.8043,69.8802,161
-0.881372,55.3635,54.4821,162
-0.829806,37.7155,36.8857,163
-0.769948,18.564,17.794,164
-0.702397,-1.32767,-2.03007,165
-0.627828,-21.1664,-21.7942,166
-0.546986,-40.1613,-40.7083,167
-0.460679,-57.555,-58.0157,168
-0.369768,-72.6543,-73.0241,169
-0.275163,-84.857,-85.1322,170
-0.177809,-93.6768,-93.8546,171
-0.0786782,-98.7619,-98.8406,172
0.0212388,-99.9098,-99.8885,173
0.120944,-97.0745,-96.9536,174
0.21944,-90.3692,-90.1498,175
0.315744,-80.0612,-79.7454,176
0.408893,-66.5613,-66.1525,177
0.497956,-50.4079,-49.91,178
0.582044,-32.2449,-31.6629,179
0.660317,-12.7964,-12.1361,180
0.731991,7.16231,7.8943,181
0.796352,26.8355,27.6318,182
0.852757,45.4387,46.2915,183
0.90064,62.2305,63.1312,184
0.939525,76.5414,77.4809,185
0.969022,87.8008,88.7698,186
0.988837,95.5599,96.5487,187
0.998772,99.5092,100.508,188
0.998728,99.4915,100.49,189
0.988705,95.5074,96.4961,190
0.968802,87.7156,88.6844,191
0.93922,76.427,77.3662,192
0.900254,62.0914,62.9917,193
0.852292,45.2804,46.1327,194
0.795815,26.6643,27.4601,195
0.731386,6.98512,7.71651,196
0.659649,-12.9725,-12.3129,197
0.581322,-32.413,-31.8317,198
0.497186,-50.5613,-50.0641,199
0.408082,-66.6938,-66.2857,200
0.314901,-80.1675,-79.8526,201
0.218573,-90.4451,-90.2266,202
0.120062,-97.117,-96.997,203
0.0203508,-99.9172,-99.8968,204
-0.0795636,-98.7339,-98.8135,205
-0.178683,-93.6145,-93.7932,206
-0.276017,-84.7629,-85.0389,207
-0.370593,-72.5321,-72.9027,208
-0.461467,-57.4097,-57.8712,209
-0.547729,-39.9985,-40.5463,210
-0.628519,-20.9928,-21.6213,211
-0.703029,-1.15006,-1.85309,212
-0.770514,18.7385,17.968,213
-0.830301,37.88,37.0497,214
-0.881792,55.5113,54.6295,215
-0.924472,70.9296,70.0051,216
-0.957915,83.5202,82.5622,217
-0.981787,92.781,91.7992,218
-0.995849,98.343,97.3471,219
-0.999961,99.9843,98.9844,220
-0.994082,97.6396,96.6455,221
-0.97827,91.4023,90.4241,222
-0.952683,81.5211,80.5684,223
-0.917578,68.3899,67.4723,224
-0.873305,52.5322,51.6589,225
-0.820305,34.5802,33.7599,226
-0.75911,15.2496,14.4905,227
-0.69033,-4.68893,-5.37926,228
-0.614652,-24.4405,-25.0552,229
-0.532833,-43.2178,-43.7506,230
-0.44569,-60.2721,-60.7178,231
-0.354094,-74.9235,-75.2776,232
-0.25896,-86.588,-86.8469,233
-0.161238,-94.8005,-94.9617,234
-0.0619053,-99.2335,-99.2955,235
0.0380459,-99.7105,-99.6725,236
0.137617,-96.2123,-96.0747,237
0.235813,-88.8784,-88.6426,238
0.331653,-78.0013,-77.6696,239
0.424179,-64.0144,-63.5903,240
0.512467,-47.4755,-46.9631,241
0.595634,-29.044,-28.4483,242
0.67285,-9.45447,-8.78162,243
0.743344,10.5119,11.2553,244
0.806409,30.0593,30.8657,245
0.861418,48.4082,49.2696,246
0.90782,64.8273,65.7351,247
0.945151,78.6619,79.607,248
0.973038,89.3605,90.3335,249
0.991203,96.4966,97.4878,250
0.999464,99.7857,100.785,251
0.997739,99.0966,100.094,252
0.986045,94.4569,95.4429,253
0.964498,86.0515,87.0159,254
0.933315,74.2154,75.1487,255
0.892806,59.4207,60.3135,256
0.843377,42.257,43.1004,257
0.785521,23.4086,24.1942,258
0.719816,3.62708,4.3469,259
0.646919,-16.2991,-15.6522,260
0.567559,-35.5754,-35.0079,261
0.482527,-53.4335,-52.951,262
0.392674,-69.1614,-68.7687,263
0.298898,-82.132,-81.8331,264
0.202135,-91.8283,-91.6261,265
0.103353,-97.8636,-97.7603,266
0.00353755,-99.9975,-99.994,267
-0.0963129,-98.1448,-98.2411,268
-0.195201,-92.3793,-92.5745,269
-0.292139,-82.931,-83.2231,270
-0.386158,-70.1765,-70.5626,271
-0.476318,-54.6242,-55.1005,272
-0.561719,-36.8943,-37.456,273
-0.641508,-17.6935,-18.335,274
-0.714887,2.21268,1.49779,275
-0.781123,22.0306,21.2495,276
-0.839554,40.9703,40.1308,277
-0.889597,58.2766,57.387,278
-0.930751,73.2596,72.3289,279
-0.962606,85.322,84.3594,280
-0.984842,93.9829,92.998,281
-0.997239,98.8969,97.8997,282
-0.999671,99.8683,98.8686,283
-0.992114,96.8582,95.8661,284
-0.974645,89.9867,89.012,285
-0.947438,79.5277,78.5802,286
-0.910764,65.8982,64.9874,287
-0.86499,49.6415,48.7765,288
-0.810573,31.4058,30.5952,289
-0.748058,11.918,11.17,290
-0.678068,-8.04489,-8.72296,291
-0.601302,-27.6871,-28.2884,292
-0.518529,-46.2254,-46.744,293
-0.430575,-62.921,-63.3515,294
-0.338319,-77.108,-77.4463,295
-0.242683,-88.221,-88.4637,296
-0.144621,-95.8169,-95.9616,297
-0.0451149,-99.5929,-99.638,298
0.0548423,-99.3985,-99.3436,299
0.154251,-95.2413,-95.087,300
0.252119,-87.2872,-87.035,301
0.347468,-75.8532,-75.5057,302
0.439345,-61.3951,-60.9558,303
0.526833,-44.4895,-43.9626,304
0.609056,-25.8102,-25.2011,305
0.685194,-6.10188,-5.41669,306
0.754485,13.8497,14.6041,307
0.816239,33.2491,34.0653,308
0.869836,51.3229,52.1928,309
0.914742,67.3507,68.2655,310
0.950509,80.6934,81.6439,311
0.976778,90.8192,91.7959,312
0.993288,97.3242,98.3175,313
0.999873,99.9493,100.949,314
0.996468,98.5897,99.5861,315
0.983106,93.2996,94.2827,316
0.959922,84.29,85.2499,317
0.927146,71.9199,72.8471,318
0.885107,56.6827,57.5678,319
0.834223,39.1857,40.0199,320
0.775005,20.1265,20.9015,321
0.708043,0.26494,0.972982,322
0.634006,-19.6072,-18.9732,323
0.553635,-38.6977,-38.144,324
0.467732,-56.2454,-55.7777,325
0.377155,-71.5508,-71.1736,326
0.28281,-84.0037,-83.7208,327
0.18564,-93.1076,-92.9219,328
0.0866142,-98.4996,-98.413,329
-0.0132767,-99.9647,-99.978,330
-0.113035,-97.4446,-97.5577,331
-0.211664,-91.0397,-91.2513,332
-0.308178,-81.0053,-81.3135,333
-0.401613,-67.7414,-68.1431,334
-0.491035,-51.777,-52.268,335
-0.57555,-33.7483,-34.3239,336
-0.654316,-14.3742,-15.0286,337
-0.726543,5.57291,4.84636,338
-0.791511,25.2979,24.5064,339
-0.84857,44.0143,43.1657,340
-0.897151,60.976,60.0789,341
-0.936768,75.5068,74.57,342
-0.967025,87.0274,86.0604,343
-0.987619,95.0784,94.0908,344
-0.998346,99.339,98.3407,345
-0.999098,99.6393,98.6402,346
-0.989867,95.9672,94.9774,347
-0.970745,88.4693,87.4985,348
-0.941924,77.4443,76.5024,349
-0.903692,63.3319,62.4282,350
-0.856431,46.6947,45.8382,351
-0.800612,28.1958,27.3952,352
-0.736794,8.57293,7.83614,353
-0.665613,-11.3917,-12.0574,354
-0.587783,-30.9023,-31.4901,355
-0.504079,-49.1808,-49.6849,356
-0.415339,-65.4987,-65.914,357
-0.322449,-79.2053,-79.5278,358
-0.226337,-89.7543,-89.9806,359
-0.127964,-96.7251,-96.853,360
-0.0283117,-99.8397,-99.868,361
0.0716231,-98.974,-98.9024,362
0.170842,-94.1626,-93.9917,363
0.268355,-85.5972,-85.3288,364
0.363185,-73.6193,-73.2561,365
0.454387,-58.7064,-58.252,366
0.541049,-41.4531,-40.912,367
0.622305,-22.5472,-21.9249,368
0.697344,-2.74239,-2.04505,369
0.765414,17.1717,17.9371,370
0.825837,36.4013,37.2271,371
0.878008,54.1796,55.0576,372
0.921406,69.798,70.7194,373
0.955599,82.6337,83.5893,374
0.980243,92.1751,93.1554,375
0.995092,98.0418,99.0369,376
1,99.9998,101,377
0.994915,97.9712,98.9661,378
0.97989,92.0368,93.0167,379
0.955074,82.4331,83.3882,380
0.920715,69.5431,70.4639,381
0.877156,53.8807,54.7578,382
0.824834,36.0702,36.895,383
0.76427,16.8216,17.5859,384
0.696069,-3.0975,-2.40143,385
0.620914,-22.8932,-22.2722,386
0.539555,-41.7761,-41.2366,387
0.452804,-58.9936,-58.5408,388
0.36153,-73.8592,-73.4977,389
0.266643,-85.7803,-85.5137,390
0.169092,-94.2816,-94.1125,391
0.0698512,-99.0242,-98.9543,392
-0.0300873,-99.819,-99.849,393
-0.129725,-96.6343,-96.764,394
-0.228067,-89.5971,-89.8252,395
-0.32413,-78.988,-79.3121,396
-0.416954,-65.2298,-65.6468,397
-0.505613,-48.8712,-49.3768,398
-0.589219,-30.5642,-31.1534,399
-0.666938,-11.0387,-11.7057,400
-0.737993,8.92683,8.18884,401
-0.801675,28.5365,27.7348,402
-0.857346,47.0085,46.1512,403
-0.904451,63.6065,62.702,404
-0.942519,77.6686,76.7261,405
-0.97117,88.6343,87.6632,406
-0.990117,96.0665,95.0764,407
-0.999172,99.6688,98.6696,408
-0.998243,99.2976,98.2994,409
-0.987339,94.9678,93.9804,410
-0.966571,86.8518,85.8853,411
-0.936145,75.2734,74.3373,412
-0.896365,60.6941,59.7977,413
-0.847629,43.695,42.8474,414
-0.790424,24.954,24.1636,415
-0.725321,5.21816,4.49284,416
-0.652971,-14.7257,-15.3787,417
-0.574097,-34.0825,-34.6566,418
-0.489487,-52.0806,-52.5701,419
-0.399985,-68.0023,-68.4023,420
-0.306488,-81.2131,-81.5196,421
-0.209928,-91.1861,-91.396,422
-0.11127,-97.5238,-97.6351,423
-0.0115006,-99.9735,-99.985,424
0.0883837,-98.4377,-98.3493,425
0.187385,-92.9774,-92.79,426
0.284514,-83.8104,-83.5259,427
0.3788,-71.3021,-70.9233,428
0.469301,-55.9513,-55.482,429
0.555113,-38.3698,-37.8147,430
0.635379,-19.2587,-18.6233,431
0.709296,0.620199,1.32949,432
0.776126,20.4744,21.2505,433
0.835202,39.5123,40.3475,434
0.885932,56.975,57.861,435
0.92781,72.1663,73.0941,436
0.960418,84.4806,85.441,437
0.98343,93.4268,94.4103,438
0.996616,98.6485,99.6451,439
0.999843,99.9373,100.937,440
0.993081,97.242,98.2351,441
0.976396,90.6699,91.6463,442
0.949956,80.4831,81.4331,443
0.914023,67.0877,68.0017,444
0.868958,51.0177,51.8867,445
0.815211,32.9138,33.729,446
0.753318,13.4977,14.2511,447
0.683899,-6.45644,-5.77254,448
0.607646,-26.1532,-25.5456,449
0.525322,-44.8074,-44.282,450
0.437749,-61.6752,-61.2374,451
0.345802,-76.0842,-75.7384,452
0.2504,-87.46,-87.2096,453
0.152496,-95.349,-95.1965,454
0.0530685,-99.4367,-99.3837,455
-0.0468893,-99.5603,-99.6072,456
-0.146379,-95.7147,-95.861,457
-0.244405,-88.0532,-88.2976,458
-0.33999,-76.8813,-77.2213,459
-0.432178,-62.6444,-63.0766,460
-0.520047,-45.9101,-46.4302,461
-0.602721,-27.3455,-27.9482,462
-0.679372,-7.69073,-8.3701,463
-0.749235,12.2707,11.5214,464
-0.811612,31.7429,30.9313,465
-0.86588,49.9496,49.0837,466
-0.911496,66.165,65.2535,467
-0.948005,79.7426,78.7946,468
-0.975041,90.1411,89.166,469
-0.992335,96.9459,95.9536,470
-0.999715,99.8859,98.8862,471
-0.997105,98.8437,97.8466,472
-0.984533,93.8609,92.8764,473
-0.962123,85.1362,84.1741,474
-0.9301,73.0174,72.0873,475
-0.888784,57.9876,57.0988,476
-0.838588,40.646,39.8074,477
-0.780013,21.684,20.904,478
-0.713644,1.85749,1.14384,479
-0.640144,-18.043,-18.6832,480
-0.560249,-37.2243,-37.7845,481
-0.474755,-54.9215,-55.3962,482
-0.384518,-70.4291,-70.8136,483
-0.29044,-83.129,-83.4194,484
-0.193459,-92.5148,-92.7082,485
-0.0945447,-98.2123,-98.3068,486
0.00531384,-99.9944,-99.989,487
0.105119,-97.79,-97.6849,488
0.203874,-91.687,-91.4832,489
0.300593,-81.9288,-81.6282,490
0.394307,-68.9044,-68.5101,491
0.484082,-53.1329,-52.6488,492
0.56902,-35.2432,-34.6742,493
0.648273,-15.9485,-15.3002,494
0.721048,3.98209,4.70314,495
0.786619,23.7539,24.5405,496
0.84433,42.5787,43.423,497
0.893605,59.706,60.5996,498
0.933951,74.4531,75.387,499
0.964966,86.2319,87.1969,500
0.986339,94.5729,95.5593,501
0.997857,99.1436,100.141,502
0.999404,99.7618,100.761,503
0.990966,96.4028,97.3937,504
0.972627,89.2005,90.1731,505
0.944569,78.442,79.3866,506
0.907073,64.5564,65.4634,507
0.860515,48.097,48.9576,508
0.805358,29.7202,30.5256,509
0.742154,10.1586,10.9007,510
0.671535,-9.80808,-9.13655,511
0.594207,-29.3837,-28.7895,512
0.510941,-47.7879,-47.277,513
0.42257,-64.287,-63.8644,514
0.329977,-78.2231,-77.8931,515
0.234086,-89.0407,-88.8066,516
0.135857,-96.3086,-96.1727,517
0.0362708,-99.7369,-99.7006,518
-0.0636781,-99.189,-99.2527,519
-0.162991,-94.6868,-94.8498,520
-0.260675,-86.4097,-86.6704,521
-0.355754,-74.6878,-75.0435,522
-0.447279,-59.9882,-60.4355,523
-0.534335,-42.8972,-43.4315,524
-0.616052,-24.0959,-24.712,525
-0.691614,-4.33403,-5.02565,526
-0.760265,15.6006,14.8404,527
-0.82132,34.9133,34.092,528
-0.874169,52.8342,51.96,529
-0.918283,68.6487,67.7304,530
-0.953222,81.7263,80.7731,531
-0.978636,91.5459,90.5672,532
-0.994273,97.7157,96.7215,533
-0.999975,99.99,98.99,534
-0.995686,98.278,97.2823,535
-0.981448,92.6479,91.6664,536
-0.957403,83.3243,82.3669,537
-0.923793,70.6787,69.7549,538
-0.880953,55.2155,54.3345,539
-0.82931,37.551,36.7216,540
-0.769381,18.3894,17.62,541
-0.701765,-1.50529,-2.20705,542
-0.627136,-21.34,-21.9671,543
-0.546242,-40.3239,-40.8701,544
-0.45989,-57.7002,-58.1601,545
-0.368943,-72.7762,-73.1452,546
-0.274309,-84.9509,-85.2252,547
-0.176935,-93.7388,-93.9157,548
-0.0777928,-98.7897,-98.8675,549
0.0221268,-99.9021,-99.88,550
0.121825,-97.0317,-96.9099,551
0.220306,-90.293,-90.0727,552
0.316586,-79.9546,-79.638,553
0.409703,-66.4287,-66.019,554
0.498726,-50.2544,-49.7557,555
0.582766,-32.0767,-31.4939,556
0.660983,-12.6202,-11.9592,557
0.732596,7.33947,8.07207,558
0.796889,27.0065,27.8034,559
0.85322,45.5969,46.4501,560
0.901026,62.3695,63.2705,561
0.939829,76.6556,77.5954,562
0.969241,87.8857,88.8549,563
0.988969,95.6121,96.601,564
0.998816,99.5267,100.525,565
0.998683,99.4735,100.472,566
0.988571,95.4546,96.4431,567
0.968582,87.6302,88.5988,568
0.938915,76.3123,77.2512,569
0.899867,61.9521,62.8519,570
0.851827,45.122,45.9738,571
0.795277,26.4931,27.2883,572
0.73078,6.80792,7.5387,573
0.658982,-13.1486,-12.4896,574
0.580599,-32.581,-32.0004,575
0.496415,-50.7144,-50.218,576
0.407271,-66.8261,-66.4188,577
0.314058,-80.2735,-79.9595,578
0.217707,-90.5208,-90.3031,579
0.11918,-97.1592,-97.04,580
0.0194629,-99.9242,-99.9048,581
-0.0804489,-98.7056,-98.786,582
-0.179557,-93.5519,-93.7314,583
-0.276871,-84.6685,-84.9454,584
-0.371418,-72.4097,-72.7811,585
-0.462254,-57.2642,-57.7264,586
-0.548472,-39.8357,-40.3841,587
-0.62921,-20.819,-21.4483,588
-0.70366,-0.972436,-1.6761,589
-0.77108,18.9129,18.1419,590
-0.830796,38.0443,37.2135,591
-0.88221,55.659,54.7768,592
-0.92481,71.0547,70.1299,593
-0.958169,83.6177,82.6595,594
-0.981955,92.8471,91.8652,595
-0.995929,98.375,97.3791,596
-0.999953,99.981,98.9811,597
-0.993985,97.6011,96.6071,598
-0.978085,91.3301,90.352,599
-0.952413,81.4181,80.4657,600
-0.917225,68.2602,67.343,601
-0.872872,52.381,51.5081,602
-0.819797,34.4135,33.5937,603
-0.758532,15.074,14.3155,604
-0.689687,-4.86636,-5.55605,605
-0.613951,-24.6128,-25.2267,606
-0.532081,-43.3779,-43.91,607
-0.444895,-60.4137,-60.8586,608
-0.353263,-75.041,-75.3943,609
-0.258102,-86.6767,-86.9348,610
-0.160361,-94.8568,-95.0172,611
-0.0610188,-99.2553,-99.3164,612
0.0389334,-99.6968,-99.6579,613
0.138497,-96.1637,-96.0252,614
0.236676,-88.7969,-88.5602,615
0.332491,-77.89,-77.5575,616
0.424983,-63.8779,-63.4529,617
0.513229,-47.3191,-46.8059,618
0.596347,-28.8739,-28.2776,619
0.673507,-9.27762,-8.60411,620
0.743937,10.6886,11.4325,621
0.806934,30.2286,31.0356,622
0.861869,48.5636,49.4254,623
0.908192,64.9624,65.8706,624
0.94544,78.7715,79.7169,625
0.973242,89.4401,90.4133,626
0.99132,96.5431,97.5344,627
0.999493,99.7971,100.797,628
0.997679,99.0726,100.07,629
0.985897,94.3984,95.3843,630
0.964264,85.9608,86.9251,631
0.932996,74.0962,75.0292,632
0.892406,59.2777,60.1701,633
0.8429,42.0959,42.9388,634
0.784971,23.2359,24.0209,635
0.719199,3.44956,4.16876,636
0.646242,-16.4743,-15.8281,637
0.566827,-35.7414,-35.1746,638
0.481749,-53.5836,-53.1018,639
0.391857,-69.2896,-68.8977,640
0.29805,-82.2332,-81.9352,641
0.201265,-91.8985,-91.6972,642
0.102469,-97.9,-97.7975,643
0.0026494,-99.9986,-99.9959,644
-0.0971969,-98.1106,-98.2077,645
-0.196072,-92.3112,-92.5072,646
-0.292988,-82.8316,-83.1246,647
-0.386977,-70.0498,-70.4368,648
-0.477099,-54.4753,-54.9524,649
-0.562454,-36.7291,-37.2916,650
-0.642189,-17.5186,-18.1608,651
-0.715508,2.39026,1.67475,652
-0.781677,22.2039,21.4222,653
-0.840037,41.1323,40.2922,654
-0.890002,58.4209,57.5309,655
-0.931076,73.3804,72.4493,656
-0.962846,85.4145,84.4517,657
-0.984996,94.0434,93.0584,658
-0.997304,98.9231,97.9258,659
-0.999647,99.859,98.8594,660
-0.992003,96.8139,95.8219,661
-0.974446,89.9091,88.9346,662
-0.947153,79.4199,78.4727,663
-0.910397,65.7645,64.8541,664
-0.864544,49.4872,48.6227,665
-0.810053,31.2371,30.427,666
-0.747468,11.7416,10.9942,667
-0.677414,-8.22193,-8.89935,668
-0.600593,-27.8577,-28.4583,669
-0.51777,-46.3829,-46.9007,670
-0.429774,-63.0589,-63.4887,671
-0.337483,-77.221,-77.5585,672
-0.241821,-88.3045,-88.5463,673
-0.143742,-95.8676,-96.0114,674
-0.0442276,-99.6088,-99.653,675
0.0557291,-99.3789,-99.3231,676
0.155129,-95.187,-95.0319,677
0.252979,-87.2003,-86.9474,678
0.348301,-75.7373,-75.389,679
0.440143,-61.2548,-60.8147,680
0.527587,-44.3303,-43.8027,681
0.60976,-25.6385,-25.0287,682
0.68584,-5.92457,-5.23873,683
0.755068,14.0256,14.7806,684
0.816751,33.4165,34.2333,685
0.870274,51.4753,52.3456,686
0.915101,67.4819,68.397,687
0.950784,80.7982,81.749,688
0.976968,90.8934,91.8703,689
0.99339,97.3649,98.3583,690
0.999887,99.9548,100.955,691
0.996393,98.5598,99.5562,692
0.982943,93.2355,94.2185,693
0.959672,84.1942,85.1539,694
0.926813,71.7964,72.7232,695
0.884693,56.5363,57.421,696
0.833733,39.0222,39.856,697
0.774443,19.9525,20.7269,698
0.707415,0.0873085,0.794724,699
0.633319,-19.7814,-19.148,700
0.552895,-38.8614,-38.3085,701
0.466947,-56.3922,-55.9252,702
0.376333,-71.6748,-71.2984,703
0.281958,-84.0999,-83.8179,704
0.184767,-93.1722,-92.9875,705
0.0857293,-98.5301,-98.4444,706
-0.0141648,-99.9599,-99.974,707
-0.113917,-97.4046,-97.5185,708
-0.212532,-90.966,-91.1786,709
-0.309023,-80.901,-81.21,710
-0.402426,-67.6107,-68.0131,711
-0.491808,-51.6249,-52.1167,712
-0.576277,-33.5811,-34.1573,713
-0.654987,-14.1984,-14.8534,714
-0.727153,5.75025,5.0231,715
-0.792053,25.4697,24.6776,716
-0.84904,44.1737,43.3247,717
-0.897543,61.1167,60.2192,718
-0.937078,75.6232,74.6861,719
-0.967251,87.1147,86.1475,720
-0.987758,95.1333,94.1456,721
-0.998397,99.3593,98.3609,722
-0.99906,99.6241,98.625,723
-0.98974,95.9172,94.9274,724
-0.970532,88.3863,87.4158,725
-0.941626,77.3318,76.3902,726
-0.903312,63.1944,62.291,727
-0.855972,46.5375,45.6815,728
-0.800079,28.0254,27.2253,729
-0.736193,8.39594,7.65975,730
-0.66495,-11.5682,-12.2332,731
-0.587064,-31.0712,-31.6582,732
-0.503312,-49.3354,-49.8387,733
-0.414531,-65.6328,-66.0473,734
-0.321608,-79.3136,-79.6353,735
-0.225472,-89.8325,-90.058,736
-0.127083,-96.77,-96.8971,737
-0.0274239,-99.8496,-99.877,738
0.072509,-98.9485,-98.876,739
0.171717,-94.1026,-93.9309,740
0.26921,-85.5052,-85.236,741
0.364013,-73.4989,-73.1349,742
0.455178,-58.5625,-58.1073,743
0.541796,-41.2914,-40.7496,744
0.623,-22.3741,-21.7511,745
0.69798,-2.56482,-1.86684,746
0.765985,17.3467,18.1127,747
0.826337,36.5667,37.393,748
0.878433,54.3288,55.2073,749
0.921751,69.9251,70.8468,750
0.95586,82.7336,83.6895,751
0.980418,92.2439,93.2243,752
0.99518,98.0766,99.0718,753
0.999998,99.9994,100.999,754
0.994825,97.9355,98.9303,755
0.979712,91.9672,92.9469,756
0.95481,82.3324,83.2873,757
0.920368,69.4154,70.3357,758
0.87673,53.7309,54.6077,759
0.824331,35.9044,36.7288,760
0.763697,16.6465,17.4102,761
0.695431,-3.27504,-2.57961,762
0.620218,-23.066,-22.4458,763
0.538807,-41.9375,-41.3987,764
0.452012,-59.137,-58.685,765
0.360702,-73.9789,-73.6182,766
0.265787,-85.8715,-85.6057,767
0.168216,-94.3406,-94.1724,768
0.0689652,-99.0488,-98.9798,769
-0.030975,-99.8081,-99.8391,770
-0.130606,-96.5884,-96.719,771
-0.228932,-89.5181,-89.747,772
-0.32497,-78.8789,-79.2039,773
-0.417761,-65.0951,-65.5128,774
-0.506379,-48.7161,-49.2225,775
-0.589936,-30.395,-30.985,776
-0.6676,-10.8622,-11.5298,777
-0.738592,9.10374,8.36515,778
-0.802205,28.7067,27.9045,779
-0.857803,47.1652,46.3074,780
-0.90483,63.7434,62.8386,781
-0.942816,77.7804,76.8375,782
-0.971382,88.7164,87.7451,783
-0.990242,96.1157,95.1254,784
-0.999207,99.6831,98.6839,785
-0.99819,99.2765,98.2783,786
-0.987198,94.912,93.9248,787
-0.966343,86.7637,85.7973,788
-0.935832,75.1563,74.2205,789
-0.895971,60.5528,59.6568,790
-0.847158,43.5352,42.688,791
-0.78988,24.782,23.9921,792
-0.724709,5.04076,4.31605,793
-0.652298,-14.9014,-15.5537,794
-0.57337,-34.2495,-34.8228,795
-0.488712,-52.2321,-52.7209,796
-0.399171,-68.1325,-68.5317,797
-0.305642,-81.3166,-81.6222,798
-0.209059,-91.2589,-91.4679,799
-0.110387,-97.5629,-97.6733,800
-0.0106125,-99.9775,-99.9881,801
0.0892683,-98.4062,-98.317,802
0.188257,-92.9118,-92.7236,803
0.285365,-83.7134,-83.428,804
0.379622,-71.1775,-70.7979,805
0.470085,-55.804,-55.3339,806
0.555852,-38.2057,-37.6499,807
0.636065,-19.0844,-18.4483,808
0.709922,0.797826,1.50775,809
0.776686,20.6482,21.4249,810
0.83569,39.6754,40.5111,811
0.886343,57.1209,58.0073,812
0.928141,72.2892,73.2173,813
0.960665,84.5755,85.5362,814
0.98359,93.49,94.4736,815
0.996688,98.6774,99.6741,816
0.999827,99.9309,100.931,817
0.992976,97.2004,98.1934,818
0.976204,90.5948,91.571,819
0.949678,80.3775,81.3272,820
0.913663,66.9559,67.8695,821
0.868518,50.8648,51.7334,822
0.814696,32.746,33.5607,823
0.752734,13.3217,14.0744,824
0.683251,-6.63369,-5.95044,825
0.606941,-26.3246,-25.7177,826
0.524566,-44.9661,-44.4415,827
0.43695,-61.8149,-61.3779,828
0.344969,-76.1993,-75.8544,829
0.24954,-87.5459,-87.2964,830
0.151618,-95.4024,-95.2508,831
0.0521816,-99.4554,-99.4032,832
-0.0477765,-99.5435,-99.5913,833
-0.147257,-95.6631,-95.8103,834
-0.245267,-87.9689,-88.2141,835
-0.340825,-76.7676,-77.1084,836
-0.432979,-62.5059,-62.9389,837
-0.520806,-45.7522,-46.2731,838
-0.603429,-27.1746,-27.778,839
-0.680023,-7.51361,-8.19363,840
-0.749823,12.4469,11.6971,841
-0.812131,31.9113,31.0991,842
-0.866324,50.1034,49.2371,843
-0.911861,66.2981,65.3862,844
-0.948287,79.8496,78.9013,845
-0.975238,90.2178,89.2426,846
-0.992445,96.9893,95.9969,847
-0.999735,99.8942,98.8945,848
-0.997037,98.8166,97.8196,849
-0.984377,93.7995,92.8151,850
-0.961881,85.0429,84.081,851
-0.929774,72.8959,71.9661,852
-0.888377,57.8427,56.9544,853
-0.838104,40.4836,39.6455,854
-0.779457,21.5105,20.7311,855
-0.713021,1.67988,0.966862,856
-0.639462,-18.2177,-18.8572,857
-0.559513,-37.3891,-37.9486,858
-0.473974,-55.0698,-55.5438,859
-0.383698,-70.5551,-70.9388,860
-0.28959,-83.2276,-83.5172,861
-0.192587,-92.582,-92.7746,862
-0.0936605,-98.2455,-98.3392,863
0.00620199,-99.9923,-99.9861,864
0.106002,-97.7527,-97.6467,865
0.204744,-91.616,-91.4112,866
0.30144,-81.8268,-81.5254,867
0.395123,-68.7755,-68.3804,868
0.484859,-52.9823,-52.4975,869
0.56975,-35.0769,-34.5072,870
0.648949,-15.7731,-15.1241,871
0.721663,4.15957,4.88124,872
0.787167,23.9264,24.7136,873
0.844806,42.7394,43.5842,874
0.894003,59.8484,60.7424,875
0.934268,74.5715,75.5058,876
0.965199,86.3217,87.2869,877
0.986485,94.6305,95.617,878
0.997915,99.1667,100.165,879
0.999373,99.7494,100.749,880
0.990847,96.3554,97.3463,881
0.97242,89.1201,90.0925,882
0.944277,78.3318,79.276,883
0.906699,64.4206,65.3273,884
0.860062,47.9412,48.8013,885
0.804831,29.5506,30.3554,886
0.741559,9.98184,10.7234,887
0.670877,-9.98484,-9.31396,888
0.593492,-29.5535,-28.96,889
0.510177,-47.9439,-47.4337,890
0.421765,-64.4229,-64.0012,891
0.329138,-78.3336,-78.0045,892
0.233223,-89.1214,-88.8882,893
0.134977,-96.3562,-96.2212,894
0.0353832,-99.7496,-99.7142,895
-0.0645644,-99.1663,-99.2309,896
-0.163867,-94.6295,-94.7934,897
-0.261532,-86.3202,-86.5817,898
-0.356584,-74.5695,-74.9261,899
-0.448074,-59.846,-60.2941,900
-0.535086,-42.7366,-43.2717,901
-0.616752,-23.9235,-24.5402,902
-0.692255,-4.15656,-4.84882,903
-0.760842,15.7761,15.0152,904
-0.821826,35.0797,34.2579,905
-0.8746,52.9849,52.1103,906
-0.918634,68.7777,67.8591,907
-0.95349,81.8286,80.8751,908
-0.978819,91.6172,90.6384,909
-0.994367,97.7533,96.759,910
-0.999981,99.9923,98.9924,911
-0.995603,98.245,97.2494,912
-0.981277,92.5809,91.5996,913
-0.957147,83.2259,82.2688,914
-0.923453,70.553,69.6295,915
-0.880532,55.0673,54.1868,916
-0.828813,37.3863,36.5575,917
-0.768813,18.2148,17.446,918
-0.701132,-1.6829,-2.38403,919
-0.626444,-21.5135,-22.1399,920
-0.545498,-40.4864,-41.0319,921
-0.459101,-57.8452,-58.3043,922
-0.368117,-72.8979,-73.2661,923
-0.273455,-85.0445,-85.3179,924
-0.176061,-93.8005,-93.9766,925
-0.0769073,-98.8171,-98.894,926
0.0230147,-99.8941,-99.8711,927
0.122707,-96.9886,-96.8659,928
0.221173,-90.2165,-89.9954,929
0.317429,-79.8478,-79.5304,930
0.410513,-66.2958,-65.8853,931
0.499496,-50.1008,-49.6013,932
0.583488,-31.9084,-31.3249,933
0.66165,-12.4439,-11.7823,934
0.733201,7.51662,8.24982,935
0.797426,27.1775,27.9749,936
0.853683,45.7549,46.6086,937
0.901411,62.5082,63.4097,938
0.940132,76.7695,77.7097,939
0.969459,87.9703,88.9398,940
0.9891,95.6639,96.653,941
0.998859,99.5438,100.543,942
0.998637,99.4551,100.454,943
0.988437,95.4015,96.3899,944
0.968361,87.5445,88.5128,945
0.938609,76.1974,77.136,946
0.899479,61.8125,62.712,947
0.851362,44.9634,45.8148,948
0.794738,26.3217,27.1165,949
0.730174,6.63069,7.36086,950
0.658313,-13.3247,-12.6664,951
0.579876,-32.7489,-32.169,952
0.495644,-50.8674,-50.3718,953
0.40646,-66.9581,-66.5516,954
0.313214,-80.3793,-80.0661,955
0.21684,-90.5961,-90.3793,956
0.118298,-97.2011,-97.0828,957
0.0185749,-99.931,-99.9124,958
-0.0813341,-98.677,-98.7583,959
-0.18043,-93.489,-93.6694,960
-0.277724,-84.5739,-84.8516,961
-0.372243,-72.2871,-72.6593,962
-0.463042,-57.1184,-57.5815,963
-0.549215,-39.6727,-40.2219,964
-0.6299,-20.6453,-21.2752,965
-0.704291,-0.794811,-1.4991,966
-0.771645,19.0873,18.3157,967
-0.83129,38.2085,37.3772,968
-0.882628,55.8065,54.9238,969
-0.925148,71.1796,70.2544,970
-0.958423,83.715,82.7566,971
-0.982123,92.913,91.9308,972
-0.996009,98.4068,97.4108,973
-0.999944,99.9774,98.9775,974
-0.993887,97.5623,96.5684,975
-0.9779,91.2576,90.2797,976
-0.952142,81.3148,80.3627,977
-0.91687,68.1303,67.2134,978
-0.872438,52.2296,51.3571,979
-0.819288,34.2466,33.4274,980
-0.757953,14.8984,14.1405,981
-0.689044,-5.04377,-5.73282,982
-0.61325,-24.7849,-25.3981,983
-0.531329,-43.5379,-44.0692,984
-0.444099,-60.5552,-60.9993,985
-0.352432,-75.1583,-75.5108,986
-0.257243,-86.7652,-87.0224,987
-0.159485,-94.9129,-95.0724,988
-0.0601323,-99.2768,-99.337,989
0.0398209,-99.6829,-99.643,990
0.139376,-96.1149,-95.9755,991
0.237539,-88.7151,-88.4775,992
0.333328,-77.7785,-77.4451,993
0.425787,-63.7411,-63.3153,994
0.513991,-47.1626,-46.6486,995
0.59706,-28.7038,-28.1068,996
0.674163,-9.10074,-8.42658,997
0.744531,10.8652,11.6097,998
0.807459,30.3979,31.2054,999
